city;gender;product_line;quantity;total;date;time;payment;tax
Yangon;Female;Health and beauty;7;548.9715;1/5/2019;13:08;Ewallet;26.1415
Naypyitaw;Female;Electronic accessories;5;80.22;3/8/2019;10:29;Cash;3.82
Yangon;Male;Home and lifestyle;7;340.5255;3/3/2019;13:23;Credit card;16.2155
Yangon;Male;Health and beauty;8;489.048;1/27/2019;20:33;Ewallet;23.288
Yangon;Male;Sports and travel;7;634.3785;2/8/2019;10:37;Ewallet;30.2085
Naypyitaw;Male;Electronic accessories;7;627.6165;3/25/2019;18:30;Ewallet;29.8865
Yangon;Female;Electronic accessories;6;433.692;2/25/2019;14:36;Ewallet;20.652
Naypyitaw;Female;Home and lifestyle;10;772.38;2/24/2019;11:38;Ewallet;36.78
Yangon;Female;Health and beauty;2;76.146;1/10/2019;17:15;Credit card;3.626
Mandalay;Female;Food and beverages;3;172.746;2/20/2019;13:27;Credit card;8.226
Mandalay;Female;Fashion accessories;4;60.816;2/6/2019;18:07;Ewallet;2.896
Mandalay;Male;Electronic accessories;4;107.142;3/9/2019;17:03;Cash;5.102
Yangon;Female;Electronic accessories;5;246.4875;2/12/2019;10:25;Ewallet;11.7375
Yangon;Male;Food and beverages;10;453.495;2/7/2019;16:48;Ewallet;21.595
Yangon;Female;Health and beauty;10;749.49;3/29/2019;19:21;Cash;35.69
Mandalay;Female;Sports and travel;6;590.436;1/15/2019;16:19;Cash;28.116
Yangon;Female;Health and beauty;7;506.6355;3/11/2019;11:03;Credit card;24.1255
Yangon;Male;Sports and travel;6;457.443;1/1/2019;10:39;Credit card;21.783
Yangon;Male;Food and beverages;3;172.2105;1/21/2019;18:00;Credit card;8.2005
Mandalay;Female;Home and lifestyle;2;84.63;3/11/2019;15:30;Ewallet;4.03
Naypyitaw;Male;Electronic accessories;5;451.71;2/25/2019;11:24;Ewallet;21.51
Mandalay;Male;Health and beauty;3;277.137;3/5/2019;10:40;Ewallet;13.197
Mandalay;Male;Home and lifestyle;2;69.72;3/15/2019;12:20;Credit card;3.32
Yangon;Male;Electronic accessories;5;181.44;2/17/2019;11:15;Ewallet;8.64
Yangon;Male;Sports and travel;3;279.1845;3/2/2019;17:36;Ewallet;13.2945
Yangon;Female;Home and lifestyle;8;441.756;3/22/2019;19:20;Credit card;21.036
Mandalay;Male;Fashion accessories;1;35.196;2/8/2019;15:31;Cash;1.676
Yangon;Female;Fashion accessories;2;184.107;3/10/2019;12:17;Credit card;8.767
Mandalay;Female;Food and beverages;5;463.89;1/25/2019;19:48;Cash;22.09
Yangon;Male;Health and beauty;9;235.2105;3/15/2019;15:36;Cash;11.2005
Mandalay;Male;Fashion accessories;5;494.1825;2/25/2019;19:39;Credit card;23.5325
Mandalay;Male;Sports and travel;9;737.7615;1/28/2019;12:43;Cash;35.1315
Mandalay;Male;Sports and travel;8;703.752;1/10/2019;14:49;Cash;33.512
Yangon;Male;Health and beauty;2;202.818;3/15/2019;10:12;Credit card;9.658
Naypyitaw;Female;Food and beverages;4;417.564;2/6/2019;10:42;Ewallet;19.884
Naypyitaw;Female;Sports and travel;1;71.526;1/7/2019;12:28;Ewallet;3.406
Yangon;Male;Sports and travel;5;328.755;3/10/2019;19:15;Ewallet;15.655
Yangon;Female;Electronic accessories;9;575.316;1/15/2019;17:17;Ewallet;27.396
Naypyitaw;Female;Health and beauty;8;461.328;3/23/2019;13:24;Ewallet;21.968
Mandalay;Male;Home and lifestyle;8;253.008;3/3/2019;13:01;Cash;12.048
Mandalay;Female;Home and lifestyle;1;91.056;1/17/2019;18:45;Ewallet;4.336
Naypyitaw;Male;Home and lifestyle;2;117.831;2/2/2019;10:11;Cash;5.611
Mandalay;Female;Sports and travel;6;435.456;2/8/2019;13:03;Cash;20.736
Naypyitaw;Female;Food and beverages;8;829.08;3/4/2019;20:39;Cash;39.48
Naypyitaw;Male;Health and beauty;2;32.277;3/16/2019;19:47;Cash;1.537
Mandalay;Female;Electronic accessories;4;394.632;3/9/2019;18:00;Cash;18.792
Mandalay;Male;Health and beauty;9;535.7205;2/27/2019;17:24;Credit card;25.5105
Mandalay;Female;Food and beverages;9;189.0945;2/6/2019;15:47;Ewallet;9.0045
Mandalay;Male;Electronic accessories;6;119.259;2/10/2019;12:45;Credit card;5.679
Naypyitaw;Female;Fashion accessories;10;867.615;3/19/2019;17:08;Ewallet;41.315
Naypyitaw;Male;Food and beverages;7;671.79;2/3/2019;10:19;Cash;31.99
Yangon;Female;Food and beverages;5;234.0975;2/10/2019;15:10;Cash;11.1475
Mandalay;Female;Fashion accessories;4;75.054;3/22/2019;14:42;Ewallet;3.574
Naypyitaw;Male;Fashion accessories;1;16.2015;1/25/2019;15:46;Credit card;0.7715
Mandalay;Male;Home and lifestyle;2;33.936;3/7/2019;11:49;Ewallet;1.616
Naypyitaw;Female;Electronic accessories;8;722.232;2/28/2019;19:01;Cash;34.392
Yangon;Male;Home and lifestyle;2;93.114;3/27/2019;11:26;Cash;4.434
Yangon;Male;Health and beauty;8;752.64;2/7/2019;11:28;Ewallet;35.84
Yangon;Female;Home and lifestyle;10;759.675;1/20/2019;15:55;Cash;36.175
Naypyitaw;Male;Electronic accessories;6;192.843;3/12/2019;20:36;Cash;9.183
Naypyitaw;Female;Sports and travel;3;77.931;2/15/2019;17:47;Credit card;3.711
Naypyitaw;Male;Home and lifestyle;6;351.099;2/24/2019;10:55;Ewallet;16.719
Mandalay;Female;Sports and travel;9;520.4115;2/3/2019;13:40;Ewallet;24.7815
Yangon;Male;Sports and travel;10;166.005;3/6/2019;12:27;Credit card;7.905
Mandalay;Male;Health and beauty;4;318.108;2/14/2019;14:35;Cash;15.148
Yangon;Male;Health and beauty;10;166.635;3/13/2019;16:40;Cash;7.935
Naypyitaw;Female;Health and beauty;2;70.287;2/10/2019;15:43;Ewallet;3.347
Mandalay;Female;Fashion accessories;6;614.943;1/7/2019;15:01;Ewallet;29.283
Yangon;Male;Sports and travel;10;827.085;1/24/2019;10:04;Cash;39.385
Yangon;Female;Health and beauty;1;19.2465;2/2/2019;18:50;Cash;0.9165
Naypyitaw;Male;Food and beverages;10;939.54;1/6/2019;12:46;Credit card;44.74
Naypyitaw;Male;Fashion accessories;10;652.26;2/11/2019;16:19;Cash;31.06
Mandalay;Female;Food and beverages;3;152.838;3/5/2019;18:17;Ewallet;7.278
Naypyitaw;Female;Electronic accessories;6;478.233;3/9/2019;18:21;Cash;22.773
Yangon;Male;Home and lifestyle;9;705.6315;1/22/2019;10:55;Ewallet;33.6015
Naypyitaw;Female;Electronic accessories;10;437.325;1/13/2019;17:04;Credit card;20.825
Naypyitaw;Male;Fashion accessories;9;463.428;1/9/2019;14:20;Credit card;22.068
Yangon;Female;Fashion accessories;9;189.0945;1/12/2019;15:48;Credit card;9.0045
Naypyitaw;Female;Food and beverages;10;822.255;3/5/2019;16:24;Ewallet;39.155
Naypyitaw;Female;Health and beauty;5;106.995;1/22/2019;18:56;Cash;5.095
Naypyitaw;Female;Health and beauty;6;624.897;1/21/2019;14:42;Credit card;29.757
Mandalay;Female;Food and beverages;3;304.542;1/26/2019;19:56;Ewallet;14.502
Naypyitaw;Male;Food and beverages;8;161.7;1/23/2019;18:37;Ewallet;7.7
Naypyitaw;Female;Food and beverages;4;337.512;2/23/2019;18:45;Credit card;16.072
Naypyitaw;Male;Sports and travel;5;256.7775;3/9/2019;10:17;Cash;12.2275
Naypyitaw;Female;Sports and travel;7;610.491;3/5/2019;14:31;Ewallet;29.071
Naypyitaw;Male;Fashion accessories;5;401.73;3/25/2019;10:23;Cash;19.13
Yangon;Male;Food and beverages;7;362.943;3/27/2019;20:35;Credit card;17.283
Yangon;Male;Sports and travel;1;44.5935;1/2/2019;16:57;Cash;2.1235
Mandalay;Female;Health and beauty;6;485.037;2/27/2019;17:55;Cash;23.097
Naypyitaw;Female;Home and lifestyle;4;198.996;1/23/2019;10:25;Cash;9.476
Naypyitaw;Female;Sports and travel;10;471.03;1/26/2019;19:54;Ewallet;22.43
Yangon;Female;Sports and travel;7;161.553;1/10/2019;16:42;Ewallet;7.693
Mandalay;Male;Health and beauty;9;608.202;3/12/2019;12:09;Credit card;28.962
Naypyitaw;Male;Health and beauty;1;94.2375;2/6/2019;20:05;Credit card;4.4875
Yangon;Male;Electronic accessories;1;102.018;3/8/2019;20:38;Ewallet;4.858
Mandalay;Male;Health and beauty;10;922.635;3/29/2019;10:25;Ewallet;43.935
Naypyitaw;Female;Electronic accessories;6;78.435;2/9/2019;13:11;Cash;3.735
Yangon;Male;Food and beverages;3;166.1625;3/23/2019;10:16;Ewallet;7.9125
Mandalay;Male;Home and lifestyle;6;521.01;3/5/2019;18:14;Cash;24.81
Naypyitaw;Male;Fashion accessories;1;51.1455;3/26/2019;19:20;Cash;2.4355
Naypyitaw;Male;Fashion accessories;9;742.2975;3/1/2019;13:22;Cash;35.3475
Naypyitaw;Female;Electronic accessories;9;218.0115;2/1/2019;11:27;Cash;10.3815
Yangon;Male;Food and beverages;6;367.038;3/28/2019;16:44;Cash;17.478
Mandalay;Male;Health and beauty;7;223.0725;3/19/2019;18:19;Cash;10.6225
Yangon;Male;Electronic accessories;10;931.035;1/12/2019;14:50;Ewallet;44.335
Naypyitaw;Male;Fashion accessories;6;172.494;1/5/2019;20:54;Credit card;8.214
Yangon;Male;Sports and travel;6;391.419;3/22/2019;20:19;Cash;18.639
Naypyitaw;Female;Food and beverages;9;321.111;3/24/2019;10:43;Cash;15.291
Naypyitaw;Male;Electronic accessories;10;860.685;3/3/2019;14:30;Cash;40.985
Mandalay;Female;Sports and travel;2;34.629;2/5/2019;11:32;Ewallet;1.649
Naypyitaw;Female;Health and beauty;3;309.3615;2/5/2019;10:41;Credit card;14.7315
Mandalay;Female;Fashion accessories;7;535.374;2/15/2019;12:44;Cash;25.494
Yangon;Male;Home and lifestyle;9;548.7615;1/19/2019;20:07;Ewallet;26.1315
Naypyitaw;Female;Home and lifestyle;9;763.4655;2/1/2019;20:31;Credit card;36.3555
Naypyitaw;Female;Fashion accessories;3;85.113;3/2/2019;13:01;Credit card;4.053
Mandalay;Male;Fashion accessories;5;115.185;3/5/2019;12:29;Ewallet;5.485
Mandalay;Male;Fashion accessories;1;53.928;1/16/2019;15:26;Ewallet;2.568
Yangon;Female;Food and beverages;10;115.08;2/2/2019;20:48;Ewallet;5.48
Mandalay;Male;Home and lifestyle;2;112.224;1/20/2019;20:38;Ewallet;5.344
Yangon;Female;Electronic accessories;8;836.304;2/14/2019;17:03;Credit card;39.824
Naypyitaw;Male;Sports and travel;7;419.832;1/12/2019;12:02;Credit card;19.992
Mandalay;Male;Sports and travel;9;944.622;3/9/2019;17:26;Credit card;44.982
Naypyitaw;Male;Home and lifestyle;8;536.844;3/13/2019;19:52;Credit card;25.564
Mandalay;Female;Fashion accessories;8;474.348;3/9/2019;14:57;Ewallet;22.588
Yangon;Female;Home and lifestyle;7;688.6215;3/10/2019;18:44;Credit card;32.7915
Yangon;Female;Sports and travel;5;169.3125;1/27/2019;13:26;Cash;8.0625
Naypyitaw;Female;Fashion accessories;9;299.8485;1/8/2019;16:17;Credit card;14.2785
Naypyitaw;Female;Food and beverages;8;575.736;1/8/2019;15:57;Ewallet;27.416
Mandalay;Female;Sports and travel;9;853.146;2/8/2019;11:15;Ewallet;40.626
Mandalay;Female;Fashion accessories;7;291.207;1/25/2019;13:18;Cash;13.867
Yangon;Female;Sports and travel;6;580.419;3/6/2019;20:34;Cash;27.639
Mandalay;Female;Sports and travel;4;146.328;2/10/2019;18:36;Cash;6.968
Mandalay;Male;Electronic accessories;6;550.935;2/17/2019;14:40;Credit card;26.235
Naypyitaw;Female;Health and beauty;6;512.19;3/8/2019;16:43;Ewallet;24.39
Naypyitaw;Male;Fashion accessories;3;284.193;2/18/2019;19:39;Cash;13.533
Yangon;Female;Electronic accessories;5;138.1275;1/18/2019;20:59;Credit card;6.5775
Yangon;Female;Home and lifestyle;6;216.846;2/18/2019;15:39;Cash;10.326
Mandalay;Male;Sports and travel;10;545.055;2/16/2019;12:21;Cash;25.955
Yangon;Male;Sports and travel;8;609.0;3/16/2019;19:25;Ewallet;29
Naypyitaw;Female;Sports and travel;10;942.9;1/23/2019;13:00;Credit card;44.9
Naypyitaw;Male;Health and beauty;10;950.25;1/25/2019;13:48;Cash;45.25
Naypyitaw;Female;Health and beauty;10;720.3;2/5/2019;19:57;Cash;34.3
Naypyitaw;Female;Food and beverages;1;31.9305;2/22/2019;10:36;Credit card;1.5205
Yangon;Female;Home and lifestyle;6;491.085;1/21/2019;16:37;Ewallet;23.385
Naypyitaw;Female;Health and beauty;6;291.438;3/8/2019;17:11;Credit card;13.878
Yangon;Female;Fashion accessories;10;316.47;2/10/2019;12:28;Ewallet;15.07
Naypyitaw;Male;Health and beauty;4;277.788;3/19/2019;12:46;Credit card;13.228
Mandalay;Male;Home and lifestyle;8;603.624;3/6/2019;15:07;Credit card;28.744
Yangon;Male;Health and beauty;8;272.664;3/27/2019;13:48;Credit card;12.984
Mandalay;Female;Fashion accessories;4;384.468;3/23/2019;19:20;Credit card;18.308
Naypyitaw;Male;Sports and travel;7;254.016;3/11/2019;16:07;Credit card;12.096
Yangon;Male;Fashion accessories;9;786.618;1/29/2019;11:56;Credit card;37.458
Naypyitaw;Female;Food and beverages;6;103.824;2/7/2019;18:23;Ewallet;4.944
Naypyitaw;Female;Sports and travel;8;680.148;1/28/2019;13:05;Cash;32.388
Yangon;Male;Food and beverages;5;484.5225;2/20/2019;15:55;Credit card;23.0725
Mandalay;Male;Electronic accessories;1;75.7785;1/4/2019;19:40;Cash;3.6085
Mandalay;Male;Home and lifestyle;5;263.97;3/7/2019;13:58;Ewallet;12.57
Mandalay;Male;Health and beauty;9;918.729;3/30/2019;14:43;Ewallet;43.749
Mandalay;Male;Sports and travel;6;588.357;3/27/2019;19:18;Ewallet;28.017
Naypyitaw;Female;Food and beverages;8;362.712;1/19/2019;19:39;Credit card;17.272
Yangon;Male;Sports and travel;1;66.8745;2/25/2019;16:21;Cash;3.1845
Yangon;Male;Food and beverages;7;336.5565;3/13/2019;19:44;Credit card;16.0265
Naypyitaw;Male;Sports and travel;2;160.44;1/30/2019;19:42;Ewallet;7.64
Mandalay;Male;Food and beverages;10;418.95;2/20/2019;15:24;Credit card;19.95
Mandalay;Male;Health and beauty;8;357.588;2/25/2019;14:12;Ewallet;17.028
Naypyitaw;Male;Home and lifestyle;10;1003.59;1/16/2019;13:32;Cash;47.79
Yangon;Male;Fashion accessories;10;1039.29;2/8/2019;16:20;Credit card;49.49
Yangon;Male;Food and beverages;6;323.064;1/19/2019;16:31;Cash;15.384
Yangon;Male;Sports and travel;7;510.972;2/1/2019;15:10;Credit card;24.332
Yangon;Male;Health and beauty;5;367.5525;1/3/2019;11:36;Ewallet;17.5025
Mandalay;Male;Food and beverages;5;420.2625;1/26/2019;12:45;Credit card;20.0125
Naypyitaw;Male;Electronic accessories;8;175.14;3/3/2019;19:17;Cash;8.34
Mandalay;Male;Electronic accessories;6;333.207;1/19/2019;17:34;Credit card;15.867
Mandalay;Male;Food and beverages;8;166.236;1/18/2019;12:04;Ewallet;7.916
Yangon;Male;Home and lifestyle;9;319.788;3/21/2019;16:21;Ewallet;15.228
Yangon;Male;Food and beverages;8;186.228;3/3/2019;17:01;Credit card;8.868
Naypyitaw;Female;Fashion accessories;7;165.4485;2/13/2019;10:50;Credit card;7.8785
Yangon;Male;Food and beverages;6;465.444;3/23/2019;19:16;Ewallet;22.164
Naypyitaw;Male;Health and beauty;3;273.42;1/28/2019;16:47;Ewallet;13.02
Naypyitaw;Male;Fashion accessories;7;472.311;2/9/2019;10:00;Cash;22.491
Naypyitaw;Male;Food and beverages;8;323.148;1/23/2019;11:51;Cash;15.388
Yangon;Male;Sports and travel;10;162.75;3/23/2019;10:55;Ewallet;7.75
Naypyitaw;Male;Health and beauty;8;288.204;1/25/2019;15:00;Ewallet;13.724
Yangon;Female;Sports and travel;7;90.699;3/4/2019;11:19;Credit card;4.319
Mandalay;Male;Food and beverages;3;56.952;3/5/2019;19:46;Ewallet;2.712
Mandalay;Female;Home and lifestyle;8;793.716;3/3/2019;19:00;Ewallet;37.796
Mandalay;Male;Home and lifestyle;4;195.174;2/8/2019;10:53;Cash;9.294
Yangon;Male;Home and lifestyle;1;77.7735;2/10/2019;12:50;Ewallet;3.7035
Naypyitaw;Female;Home and lifestyle;4;293.202;1/28/2019;20:50;Credit card;13.962
Mandalay;Female;Home and lifestyle;3;242.676;2/11/2019;10:39;Credit card;11.556
Mandalay;Female;Fashion accessories;2;154.392;1/15/2019;13:41;Ewallet;7.352
Naypyitaw;Female;Food and beverages;9;829.71;3/16/2019;19:08;Cash;39.51
Mandalay;Male;Home and lifestyle;4;107.31;1/26/2019;20:23;Ewallet;5.11
Yangon;Male;Electronic accessories;5;171.7275;3/19/2019;11:30;Credit card;8.1775
Naypyitaw;Female;Fashion accessories;1;78.0045;1/13/2019;19:30;Cash;3.7145
Naypyitaw;Male;Health and beauty;2;91.77;3/26/2019;18:03;Cash;4.37
Yangon;Female;Home and lifestyle;1;26.5545;3/23/2019;10:13;Ewallet;1.2645
Naypyitaw;Male;Health and beauty;4;174.3;3/12/2019;19:58;Credit card;8.3
Naypyitaw;Female;Food and beverages;5;374.7975;2/17/2019;19:57;Credit card;17.8475
Naypyitaw;Female;Sports and travel;6;120.645;1/29/2019;10:01;Credit card;5.745
Mandalay;Female;Electronic accessories;4;241.458;3/15/2019;11:57;Cash;11.498
Naypyitaw;Male;Electronic accessories;7;451.3635;1/14/2019;10:02;Cash;21.4935
Mandalay;Male;Health and beauty;10;271.95;2/6/2019;14:51;Ewallet;12.95
Mandalay;Male;Home and lifestyle;5;93.2925;2/15/2019;12:42;Credit card;4.4425
Yangon;Female;Health and beauty;9;217.6335;1/3/2019;12:02;Ewallet;10.3635
Naypyitaw;Female;Electronic accessories;9;629.8425;1/4/2019;18:19;Credit card;29.9925
Naypyitaw;Female;Home and lifestyle;10;299.565;3/18/2019;17:38;Ewallet;14.265
Mandalay;Female;Fashion accessories;3;95.6655;3/28/2019;13:41;Ewallet;4.5555
Mandalay;Female;Electronic accessories;9;942.4485;3/2/2019;19:42;Credit card;44.8785
Yangon;Male;Electronic accessories;9;247.8735;1/25/2019;20:24;Ewallet;11.8035
Naypyitaw;Female;Food and beverages;9;881.307;1/16/2019;18:08;Cash;41.967
Mandalay;Male;Home and lifestyle;5;484.89;3/20/2019;19:17;Ewallet;23.09
Mandalay;Male;Sports and travel;3;146.223;1/4/2019;13:24;Credit card;6.963
Mandalay;Female;Sports and travel;7;217.6335;3/11/2019;15:53;Cash;10.3635
Yangon;Male;Home and lifestyle;1;19.194;3/22/2019;15:05;Credit card;0.914
Mandalay;Female;Sports and travel;5;130.0425;3/24/2019;18:27;Cash;6.1925
Yangon;Female;Electronic accessories;3;298.116;2/21/2019;16:55;Cash;14.196
Mandalay;Male;Fashion accessories;8;796.908;2/12/2019;12:58;Ewallet;37.948
Mandalay;Female;Food and beverages;3;180.621;3/10/2019;18:59;Credit card;8.601
Mandalay;Male;Electronic accessories;6;285.705;1/31/2019;13:44;Ewallet;13.605
Mandalay;Male;Food and beverages;7;456.288;3/6/2019;13:46;Ewallet;21.728
Naypyitaw;Male;Electronic accessories;5;62.0025;2/17/2019;18:06;Cash;2.9525
Naypyitaw;Female;Fashion accessories;1;13.167;2/21/2019;12:38;Cash;0.627
Yangon;Male;Food and beverages;2;90.825;3/20/2019;15:56;Cash;4.325
Naypyitaw;Female;Sports and travel;2;183.036;1/11/2019;14:29;Credit card;8.716
Mandalay;Male;Health and beauty;9;655.5465;1/26/2019;19:14;Ewallet;31.2165
Naypyitaw;Male;Electronic accessories;4;155.652;1/31/2019;16:24;Ewallet;7.412
Mandalay;Female;Electronic accessories;6;571.41;2/26/2019;10:52;Cash;27.21
Yangon;Female;Home and lifestyle;8;532.728;3/11/2019;12:55;Ewallet;25.368
Mandalay;Female;Fashion accessories;2;170.877;1/26/2019;19:28;Cash;8.137
Mandalay;Female;Electronic accessories;3;33.3585;3/12/2019;13:52;Credit card;1.5885
Mandalay;Female;Health and beauty;9;794.6505;2/11/2019;10:54;Cash;37.8405
Mandalay;Male;Fashion accessories;4;310.044;2/21/2019;18:31;Cash;14.764
Yangon;Male;Health and beauty;10;545.37;3/9/2019;18:24;Ewallet;25.97
Yangon;Female;Sports and travel;2;195.594;1/20/2019;18:09;Ewallet;9.314
Naypyitaw;Male;Health and beauty;5;91.4025;1/28/2019;15:16;Credit card;4.3525
Naypyitaw;Female;Fashion accessories;5;232.155;3/5/2019;17:07;Credit card;11.055
Mandalay;Female;Electronic accessories;5;69.405;3/2/2019;19:26;Cash;3.305
Yangon;Male;Fashion accessories;1;94.1745;1/11/2019;11:20;Ewallet;4.4845
Yangon;Male;Food and beverages;9;235.683;1/11/2019;16:49;Credit card;11.223
Yangon;Male;Health and beauty;2;125.517;3/11/2019;12:01;Credit card;5.977
Naypyitaw;Male;Fashion accessories;2;195.72;2/28/2019;18:37;Credit card;9.32
Yangon;Male;Home and lifestyle;4;263.13;1/5/2019;11:25;Cash;12.53
Mandalay;Male;Home and lifestyle;8;788.508;2/2/2019;18:42;Credit card;37.548
Yangon;Male;Home and lifestyle;8;399.756;1/1/2019;14:47;Cash;19.036
Mandalay;Female;Electronic accessories;3;256.41;2/9/2019;19:43;Cash;12.21
Yangon;Male;Fashion accessories;5;94.185;1/23/2019;14:04;Ewallet;4.485
Yangon;Male;Electronic accessories;4;326.424;1/7/2019;16:11;Credit card;15.544
Mandalay;Male;Food and beverages;7;536.991;1/14/2019;19:06;Credit card;25.571
Mandalay;Male;Food and beverages;9;439.8975;2/2/2019;15:34;Ewallet;20.9475
Naypyitaw;Male;Fashion accessories;10;369.495;3/17/2019;19:06;Credit card;17.595
Naypyitaw;Female;Sports and travel;2;30.219;3/2/2019;19:44;Credit card;1.439
Yangon;Male;Home and lifestyle;4;99.75;3/16/2019;11:22;Cash;4.75
Yangon;Male;Home and lifestyle;8;494.76;1/6/2019;11:23;Cash;23.56
Mandalay;Male;Fashion accessories;4;137.004;1/29/2019;14:12;Cash;6.524
Yangon;Male;Electronic accessories;1;69.6675;1/31/2019;10:46;Credit card;3.3175
Yangon;Male;Home and lifestyle;6;163.233;2/5/2019;10:16;Ewallet;7.773
Yangon;Male;Electronic accessories;4;135.45;2/13/2019;12:38;Ewallet;6.45
Naypyitaw;Male;Electronic accessories;4;276.948;2/7/2019;13:05;Credit card;13.188
Yangon;Female;Electronic accessories;9;709.317;3/19/2019;13:25;Ewallet;33.777
Naypyitaw;Female;Fashion accessories;4;69.09;3/7/2019;14:53;Ewallet;3.29
Mandalay;Female;Fashion accessories;4;160.86;3/13/2019;19:22;Cash;7.66
Yangon;Female;Sports and travel;10;233.52;2/9/2019;11:00;Cash;11.12
Mandalay;Male;Sports and travel;1;57.1725;2/26/2019;19:24;Ewallet;2.7225
Yangon;Female;Sports and travel;7;723.24;3/12/2019;12:43;Credit card;34.44
Naypyitaw;Male;Home and lifestyle;4;148.974;3/14/2019;17:22;Credit card;7.094
Mandalay;Female;Food and beverages;10;783.3;1/8/2019;20:55;Cash;37.3
Yangon;Male;Home and lifestyle;4;297.108;1/5/2019;16:05;Credit card;14.148
Yangon;Female;Home and lifestyle;10;373.17;1/4/2019;13:34;Ewallet;17.77
Mandalay;Female;Sports and travel;5;354.0075;3/6/2019;18:13;Ewallet;16.8575
Naypyitaw;Female;Health and beauty;2;44.352;1/3/2019;19:17;Cash;2.112
Yangon;Female;Home and lifestyle;9;203.553;1/7/2019;11:44;Credit card;9.693
Yangon;Female;Home and lifestyle;2;25.263;1/27/2019;15:51;Cash;1.203
Mandalay;Female;Health and beauty;6;628.173;2/26/2019;16:52;Ewallet;29.913
Mandalay;Male;Fashion accessories;7;352.5795;1/7/2019;20:52;Cash;16.7895
Naypyitaw;Female;Home and lifestyle;10;229.11;1/7/2019;17:36;Cash;10.91
Naypyitaw;Female;Fashion accessories;4;400.764;2/2/2019;13:23;Ewallet;19.084
Naypyitaw;Male;Fashion accessories;10;745.395;3/20/2019;16:28;Cash;35.495
Yangon;Male;Sports and travel;10;462.21;3/20/2019;19:57;Credit card;22.01
Yangon;Female;Home and lifestyle;8;587.664;2/15/2019;17:01;Credit card;27.984
Naypyitaw;Male;Home and lifestyle;1;38.85;3/6/2019;13:29;Credit card;1.85
Yangon;Female;Sports and travel;1;16.107;1/6/2019;11:09;Cash;0.767
Yangon;Male;Health and beauty;6;628.929;3/4/2019;15:02;Ewallet;29.949
Yangon;Female;Health and beauty;4;200.214;3/12/2019;14:21;Cash;9.534
Mandalay;Male;Health and beauty;5;350.07;2/20/2019;18:01;Cash;16.67
Naypyitaw;Male;Home and lifestyle;1;78.603;3/24/2019;14:49;Cash;3.743
Naypyitaw;Female;Sports and travel;9;224.4375;1/31/2019;12:02;Cash;10.6875
Mandalay;Female;Food and beverages;7;356.5485;1/25/2019;13:30;Credit card;16.9785
Yangon;Female;Home and lifestyle;7;697.368;2/3/2019;14:38;Cash;33.208
Mandalay;Male;Electronic accessories;10;423.15;1/24/2019;17:37;Credit card;20.15
Naypyitaw;Male;Electronic accessories;7;204.6975;3/14/2019;17:20;Ewallet;9.7475
Yangon;Female;Electronic accessories;1;65.604;2/18/2019;20:29;Cash;3.124
Yangon;Female;Food and beverages;2;76.356;1/21/2019;10:00;Cash;3.636
Mandalay;Male;Health and beauty;10;190.155;3/13/2019;11:46;Ewallet;9.055
Naypyitaw;Female;Electronic accessories;5;272.58;3/3/2019;13:42;Cash;12.98
Naypyitaw;Male;Electronic accessories;4;121.128;3/29/2019;14:44;Cash;5.768
Yangon;Male;Home and lifestyle;6;493.794;1/10/2019;14:16;Ewallet;23.514
Yangon;Male;Home and lifestyle;4;252.042;1/25/2019;15:54;Cash;12.002
Naypyitaw;Female;Home and lifestyle;1;93.0405;1/19/2019;10:21;Cash;4.4305
Naypyitaw;Male;Fashion accessories;2;209.622;1/2/2019;18:09;Credit card;9.982
Mandalay;Male;Health and beauty;1;40.9605;3/12/2019;16:46;Credit card;1.9505
Naypyitaw;Male;Food and beverages;1;51.0405;2/25/2019;15:31;Cash;2.4305
Yangon;Female;Electronic accessories;4;214.998;3/18/2019;17:15;Credit card;10.238
Mandalay;Female;Electronic accessories;8;125.664;2/23/2019;12:29;Cash;5.984
Yangon;Male;Electronic accessories;7;530.67;3/26/2019;20:14;Ewallet;25.27
Yangon;Female;Sports and travel;7;295.6905;3/30/2019;13:22;Cash;14.0805
Yangon;Female;Home and lifestyle;8;745.836;2/17/2019;17:09;Cash;35.516
Yangon;Female;Electronic accessories;3;83.412;3/21/2019;10:40;Ewallet;3.972
Yangon;Female;Fashion accessories;2;172.011;3/5/2019;17:43;Cash;8.191
Mandalay;Male;Sports and travel;6;503.559;1/31/2019;14:04;Cash;23.979
Naypyitaw;Male;Fashion accessories;2;145.593;2/5/2019;19:05;Ewallet;6.933
Yangon;Female;Food and beverages;5;74.7075;2/1/2019;10:08;Credit card;3.5575
Yangon;Female;Health and beauty;9;146.9475;3/7/2019;13:12;Cash;6.9975
Naypyitaw;Female;Electronic accessories;10;820.365;2/10/2019;20:51;Cash;39.065
Naypyitaw;Male;Food and beverages;2;208.677;2/14/2019;17:29;Cash;9.937
Naypyitaw;Female;Food and beverages;3;66.402;2/9/2019;10:25;Cash;3.162
Naypyitaw;Male;Electronic accessories;5;392.6475;1/10/2019;11:34;Cash;18.6975
Naypyitaw;Female;Health and beauty;7;218.0745;3/11/2019;18:58;Credit card;10.3845
Naypyitaw;Male;Health and beauty;4;185.094;2/18/2019;16:28;Ewallet;8.814
Naypyitaw;Female;Food and beverages;9;216.6885;2/26/2019;20:26;Cash;10.3185
Naypyitaw;Female;Health and beauty;1;41.391;1/18/2019;15:08;Cash;1.971
Yangon;Male;Health and beauty;6;96.138;2/15/2019;18:03;Ewallet;4.578
Yangon;Female;Fashion accessories;5;324.2925;3/8/2019;13:21;Cash;15.4425
Yangon;Male;Home and lifestyle;6;135.576;1/17/2019;12:48;Credit card;6.456
Mandalay;Male;Sports and travel;4;410.508;3/12/2019;19:53;Ewallet;19.548
Yangon;Male;Food and beverages;5;523.845;3/9/2019;19:09;Cash;24.945
Naypyitaw;Male;Food and beverages;4;395.892;3/12/2019;16:30;Cash;18.852
Mandalay;Male;Health and beauty;4;214.746;1/25/2019;10:11;Credit card;10.226
Yangon;Male;Electronic accessories;4;152.712;3/25/2019;13:07;Cash;7.272
Mandalay;Male;Home and lifestyle;9;208.089;2/7/2019;18:48;Cash;9.909
Yangon;Male;Food and beverages;3;103.635;2/17/2019;17:27;Credit card;4.935
Yangon;Male;Fashion accessories;5;404.355;2/3/2019;15:59;Cash;19.255
Yangon;Male;Food and beverages;2;49.308;3/14/2019;11:21;Credit card;2.348
Naypyitaw;Male;Sports and travel;5;77.175;3/24/2019;13:48;Ewallet;3.675
Yangon;Female;Electronic accessories;5;149.3625;3/21/2019;10:17;Credit card;7.1125
Yangon;Male;Fashion accessories;9;721.98;3/19/2019;15:49;Ewallet;34.38
Mandalay;Female;Sports and travel;6;365.085;2/24/2019;13:02;Cash;17.385
Naypyitaw;Female;Electronic accessories;3;150.0975;3/28/2019;12:58;Credit card;7.1475
Mandalay;Female;Food and beverages;9;404.649;2/5/2019;15:26;Credit card;19.269
Mandalay;Male;Electronic accessories;3;151.4835;2/10/2019;18:23;Credit card;7.2135
Mandalay;Female;Health and beauty;7;411.3795;3/5/2019;19:06;Ewallet;19.5895
Mandalay;Female;Health and beauty;7;565.215;2/15/2019;20:21;Cash;26.915
Naypyitaw;Female;Food and beverages;5;509.4075;1/30/2019;16:24;Ewallet;24.2575
Yangon;Male;Sports and travel;3;140.6475;2/14/2019;15:04;Cash;6.6975
Yangon;Female;Fashion accessories;9;736.4385;2/27/2019;16:10;Ewallet;35.0685
Yangon;Male;Electronic accessories;1;75.5475;2/4/2019;12:14;Cash;3.5975
Naypyitaw;Female;Home and lifestyle;8;749.7;1/20/2019;10:13;Cash;35.7
Yangon;Male;Electronic accessories;7;191.247;3/28/2019;17:38;Cash;9.107
Mandalay;Female;Health and beauty;10;141.75;2/27/2019;11:06;Credit card;6.75
Naypyitaw;Female;Fashion accessories;10;1042.65;2/15/2019;14:53;Credit card;49.65
Yangon;Male;Electronic accessories;7;379.9215;1/26/2019;18:22;Cash;18.0915
Mandalay;Female;Fashion accessories;7;402.2655;3/14/2019;19:02;Credit card;19.1555
Mandalay;Male;Home and lifestyle;9;255.15;3/2/2019;14:16;Cash;12.15
Naypyitaw;Female;Electronic accessories;1;31.752;3/4/2019;15:44;Cash;1.512
Mandalay;Female;Food and beverages;4;374.388;1/7/2019;12:20;Credit card;17.828
Naypyitaw;Female;Fashion accessories;10;394.275;3/8/2019;20:01;Credit card;18.775
Naypyitaw;Female;Sports and travel;10;1002.12;1/9/2019;13:45;Cash;47.72
Mandalay;Male;Electronic accessories;3;86.625;3/1/2019;15:40;Ewallet;4.125
Mandalay;Male;Sports and travel;1;78.7185;3/16/2019;16:58;Cash;3.7485
Yangon;Male;Food and beverages;8;680.064;2/17/2019;11:12;Credit card;32.384
Naypyitaw;Female;Food and beverages;8;793.548;2/27/2019;15:12;Cash;37.788
Naypyitaw;Male;Food and beverages;2;209.559;3/7/2019;20:37;Ewallet;9.979
Yangon;Male;Home and lifestyle;6;461.286;1/21/2019;17:44;Cash;21.966
Naypyitaw;Female;Food and beverages;4;173.208;2/19/2019;16:23;Cash;8.248
Naypyitaw;Female;Fashion accessories;4;343.056;1/6/2019;12:12;Cash;16.336
Naypyitaw;Female;Electronic accessories;9;484.974;3/14/2019;19:33;Cash;23.094
Yangon;Male;Home and lifestyle;4;276.948;3/24/2019;10:29;Cash;13.188
Naypyitaw;Female;Sports and travel;10;150.78;1/27/2019;14:28;Cash;7.18
Yangon;Male;Electronic accessories;9;203.175;3/6/2019;12:46;Credit card;9.675
Mandalay;Female;Electronic accessories;7;193.011;2/2/2019;19:40;Cash;9.191
Mandalay;Female;Fashion accessories;2;128.016;1/25/2019;19:39;Credit card;6.096
Naypyitaw;Female;Home and lifestyle;6;441.693;3/14/2019;17:54;Ewallet;21.033
Naypyitaw;Male;Fashion accessories;6;265.104;1/29/2019;12:25;Cash;12.624
Yangon;Female;Home and lifestyle;5;352.2225;1/3/2019;16:47;Credit card;16.7725
Yangon;Female;Fashion accessories;5;507.675;1/14/2019;12:52;Ewallet;24.175
Mandalay;Female;Home and lifestyle;9;334.341;1/5/2019;19:50;Credit card;15.921
Naypyitaw;Male;Sports and travel;7;701.8515;2/22/2019;18:17;Ewallet;33.4215
Naypyitaw;Male;Fashion accessories;4;407.316;2/6/2019;17:20;Ewallet;19.396
Mandalay;Female;Electronic accessories;4;99.33;1/30/2019;13:32;Credit card;4.73
Yangon;Male;Sports and travel;4;345.786;1/11/2019;10:37;Credit card;16.466
Naypyitaw;Female;Electronic accessories;2;55.881;3/19/2019;14:35;Cash;2.661
Mandalay;Female;Food and beverages;5;523.3725;1/14/2019;12:09;Cash;24.9225
Naypyitaw;Female;Food and beverages;4;314.538;3/1/2019;15:32;Ewallet;14.978
Yangon;Female;Food and beverages;5;214.935;1/6/2019;13:58;Ewallet;10.235
Mandalay;Male;Sports and travel;1;79.611;1/31/2019;13:19;Cash;3.791
Naypyitaw;Male;Food and beverages;6;294.651;3/11/2019;13:37;Cash;14.031
Yangon;Female;Health and beauty;10;339.36;2/20/2019;16:49;Credit card;16.16
Naypyitaw;Female;Fashion accessories;9;510.9615;1/27/2019;14:55;Ewallet;24.3315
Mandalay;Male;Food and beverages;7;133.917;3/10/2019;14:04;Credit card;6.377
Naypyitaw;Female;Fashion accessories;3;253.512;2/15/2019;12:31;Cash;12.072
Mandalay;Female;Fashion accessories;10;398.475;1/26/2019;14:51;Cash;18.975
Yangon;Male;Electronic accessories;1;80.661;2/13/2019;18:27;Ewallet;3.841
Yangon;Female;Sports and travel;10;548.73;3/9/2019;12:45;Credit card;26.13
Yangon;Female;Health and beauty;1;83.727;3/6/2019;10:36;Ewallet;3.987
Yangon;Female;Health and beauty;5;406.875;1/24/2019;20:36;Ewallet;19.375
Yangon;Female;Food and beverages;5;284.9175;3/13/2019;14:16;Ewallet;13.5675
Mandalay;Male;Home and lifestyle;9;128.4255;3/15/2019;10:26;Cash;6.1155
Mandalay;Female;Health and beauty;6;258.678;3/5/2019;13:30;Credit card;12.318
Mandalay;Male;Electronic accessories;9;181.818;3/4/2019;16:28;Cash;8.658
Naypyitaw;Female;Food and beverages;6;248.409;3/25/2019;20:18;Credit card;11.829
Naypyitaw;Male;Home and lifestyle;4;194.124;3/12/2019;20:04;Credit card;9.244
Naypyitaw;Male;Home and lifestyle;1;14.679;2/4/2019;13:38;Ewallet;0.699
Mandalay;Female;Fashion accessories;5;208.6875;2/22/2019;10:43;Ewallet;9.9375
Naypyitaw;Female;Fashion accessories;7;718.7565;2/16/2019;17:30;Ewallet;34.2265
Yangon;Male;Sports and travel;4;282.492;1/19/2019;15:28;Credit card;13.452
Yangon;Male;Food and beverages;5;72.3975;1/11/2019;19:07;Credit card;3.4475
Mandalay;Female;Fashion accessories;4;288.582;1/4/2019;19:01;Cash;13.742
Yangon;Female;Home and lifestyle;4;237.426;3/4/2019;19:48;Ewallet;11.306
Naypyitaw;Female;Fashion accessories;5;125.055;1/28/2019;19:24;Ewallet;5.955
Mandalay;Female;Health and beauty;10;359.205;1/2/2019;13:00;Cash;17.105
Mandalay;Male;Sports and travel;2;45.927;1/25/2019;14:29;Ewallet;2.187
Yangon;Male;Health and beauty;5;110.0925;1/4/2019;13:21;Cash;5.2425
Yangon;Male;Sports and travel;3;81.396;3/10/2019;18:55;Ewallet;3.876
Yangon;Male;Home and lifestyle;8;427.812;3/22/2019;19:36;Ewallet;20.372
Mandalay;Male;Health and beauty;1;100.9155;1/25/2019;16:28;Ewallet;4.8055
Naypyitaw;Female;Home and lifestyle;4;190.596;1/8/2019;13:48;Credit card;9.076
Naypyitaw;Female;Health and beauty;1;85.5855;1/22/2019;10:57;Ewallet;4.0755
Mandalay;Female;Health and beauty;2;120.162;1/12/2019;17:13;Ewallet;5.722
Yangon;Female;Electronic accessories;7;185.367;2/4/2019;10:23;Cash;8.827
Naypyitaw;Female;Food and beverages;3;121.59;3/28/2019;13:57;Ewallet;5.79
Naypyitaw;Female;Electronic accessories;3;264.7575;1/23/2019;13:29;Cash;12.6075
Naypyitaw;Female;Fashion accessories;10;1020.705;2/8/2019;13:00;Credit card;48.605
Mandalay;Male;Fashion accessories;8;213.528;3/19/2019;19:42;Credit card;10.168
Naypyitaw;Male;Fashion accessories;1;17.094;3/9/2019;15:36;Cash;0.814
Mandalay;Male;Fashion accessories;9;383.7645;1/2/2019;13:40;Cash;18.2745
Yangon;Male;Health and beauty;7;390.7995;1/21/2019;18:01;Cash;18.6095
Mandalay;Female;Food and beverages;3;65.7405;3/20/2019;13:53;Credit card;3.1305
Mandalay;Male;Sports and travel;5;353.1675;2/27/2019;17:27;Cash;16.8175
Yangon;Female;Home and lifestyle;10;951.825;3/8/2019;10:53;Ewallet;45.325
Mandalay;Male;Fashion accessories;2;145.068;1/31/2019;19:48;Credit card;6.908
Naypyitaw;Male;Food and beverages;2;90.867;3/8/2019;16:53;Ewallet;4.327
Yangon;Female;Electronic accessories;6;147.798;1/13/2019;19:14;Ewallet;7.038
Mandalay;Male;Fashion accessories;7;702.219;3/9/2019;14:36;Credit card;33.439
Mandalay;Female;Fashion accessories;1;49.812;2/22/2019;18:19;Credit card;2.372
Naypyitaw;Male;Sports and travel;9;937.818;3/19/2019;19:09;Ewallet;44.658
Naypyitaw;Male;Sports and travel;4;348.306;1/20/2019;16:51;Ewallet;16.586
Yangon;Male;Home and lifestyle;6;214.137;3/8/2019;15:37;Credit card;10.197
Naypyitaw;Male;Food and beverages;4;71.568;3/8/2019;20:15;Ewallet;3.408
Naypyitaw;Female;Electronic accessories;8;343.224;2/7/2019;14:38;Credit card;16.344
Naypyitaw;Male;Food and beverages;5;91.56;1/15/2019;19:25;Cash;4.36
Mandalay;Female;Sports and travel;8;742.812;3/22/2019;19:35;Credit card;35.372
Yangon;Female;Home and lifestyle;9;843.0345;1/15/2019;15:42;Credit card;40.1445
Naypyitaw;Male;Fashion accessories;1;13.419;1/8/2019;14:11;Ewallet;0.639
Yangon;Female;Sports and travel;7;140.385;1/15/2019;10:43;Cash;6.685
Mandalay;Female;Health and beauty;1;20.1075;1/28/2019;17:58;Credit card;0.9575
Naypyitaw;Male;Food and beverages;10;290.43;2/14/2019;11:26;Credit card;13.83
Naypyitaw;Male;Fashion accessories;3;144.081;3/10/2019;17:38;Credit card;6.861
Mandalay;Female;Health and beauty;1;28.4235;1/12/2019;20:07;Credit card;1.3535
Mandalay;Female;Sports and travel;1;41.076;3/26/2019;11:02;Credit card;1.956
Mandalay;Female;Electronic accessories;6;470.673;1/1/2019;19:07;Cash;22.413
Mandalay;Male;Electronic accessories;6;138.663;1/2/2019;18:50;Cash;6.603
Yangon;Female;Food and beverages;5;333.9525;3/16/2019;12:43;Ewallet;15.9025
Yangon;Male;Health and beauty;1;26.25;3/3/2019;15:09;Ewallet;1.25
Yangon;Male;Electronic accessories;4;87.234;1/31/2019;13:47;Cash;4.154
Mandalay;Female;Fashion accessories;5;155.19;2/13/2019;16:59;Cash;7.39
Mandalay;Female;Food and beverages;9;731.43;2/15/2019;14:15;Credit card;34.83
Mandalay;Male;Electronic accessories;10;833.595;2/7/2019;20:24;Cash;39.695
Naypyitaw;Female;Electronic accessories;10;488.985;1/27/2019;13:58;Cash;23.285
Naypyitaw;Male;Food and beverages;1;37.6845;2/23/2019;16:52;Credit card;1.7945
Naypyitaw;Male;Food and beverages;5;212.73;2/3/2019;15:19;Cash;10.13
Mandalay;Female;Food and beverages;10;767.025;3/3/2019;12:25;Credit card;36.525
Naypyitaw;Female;Sports and travel;4;310.59;2/3/2019;10:02;Cash;14.79
Naypyitaw;Female;Food and beverages;1;23.751;3/17/2019;18:58;Cash;1.131
Yangon;Male;Food and beverages;5;269.535;3/28/2019;15:31;Credit card;12.835
Naypyitaw;Female;Sports and travel;10;572.775;3/2/2019;11:22;Credit card;27.275
Naypyitaw;Female;Health and beauty;7;273.0525;2/8/2019;13:12;Credit card;13.0025
Mandalay;Male;Sports and travel;6;233.226;3/22/2019;18:33;Cash;11.106
Naypyitaw;Male;Food and beverages;1;22.659;2/9/2019;10:02;Ewallet;1.079
Naypyitaw;Female;Electronic accessories;1;103.782;2/15/2019;11:21;Cash;4.942
Naypyitaw;Female;Home and lifestyle;6;527.751;1/23/2019;12:10;Ewallet;25.131
Yangon;Female;Sports and travel;4;168.21;1/25/2019;11:40;Cash;8.01
Yangon;Male;Fashion accessories;10;452.865;2/2/2019;18:31;Credit card;21.565
Mandalay;Male;Health and beauty;8;609.588;3/30/2019;17:58;Cash;29.028
Yangon;Female;Electronic accessories;5;338.31;3/30/2019;17:04;Cash;16.11
Yangon;Male;Health and beauty;3;205.317;2/25/2019;20:35;Credit card;9.777
Yangon;Female;Sports and travel;5;174.615;3/18/2019;16:10;Credit card;8.315
Naypyitaw;Male;Electronic accessories;4;353.094;3/7/2019;16:54;Ewallet;16.814
Mandalay;Male;Sports and travel;10;360.885;3/16/2019;10:11;Ewallet;17.185
Yangon;Male;Electronic accessories;1;40.53;1/29/2019;11:26;Ewallet;1.93
Naypyitaw;Male;Food and beverages;8;554.148;2/2/2019;20:29;Cash;26.388
Naypyitaw;Female;Electronic accessories;10;344.4;2/15/2019;12:12;Cash;16.4
Yangon;Male;Sports and travel;5;194.985;1/8/2019;13:05;Ewallet;9.285
Mandalay;Male;Home and lifestyle;10;633.99;2/12/2019;16:19;Cash;30.19
Naypyitaw;Female;Sports and travel;10;388.29;1/1/2019;19:48;Credit card;18.49
Mandalay;Female;Sports and travel;4;207.858;3/21/2019;15:25;Ewallet;9.898
Mandalay;Female;Fashion accessories;10;431.445;2/28/2019;14:42;Cash;20.545
Yangon;Male;Fashion accessories;4;156.03;3/23/2019;18:59;Ewallet;7.43
Naypyitaw;Male;Home and lifestyle;1;24.108;1/30/2019;20:47;Cash;1.148
Mandalay;Female;Home and lifestyle;9;734.076;2/4/2019;13:21;Ewallet;34.956
Mandalay;Female;Fashion accessories;2;72.87;3/13/2019;19:48;Ewallet;3.47
Yangon;Female;Fashion accessories;10;206.43;3/15/2019;18:20;Credit card;9.83
Mandalay;Female;Health and beauty;8;212.688;3/5/2019;20:24;Ewallet;10.128
Naypyitaw;Female;Home and lifestyle;10;127.26;3/5/2019;13:44;Credit card;6.06
Mandalay;Male;Fashion accessories;2;209.769;2/26/2019;11:48;Ewallet;9.989
Mandalay;Male;Sports and travel;8;637.728;3/20/2019;14:14;Cash;30.368
Naypyitaw;Female;Electronic accessories;2;132.762;1/1/2019;15:51;Cash;6.322
Naypyitaw;Female;Food and beverages;6;568.512;1/27/2019;11:17;Cash;27.072
Mandalay;Female;Sports and travel;1;103.0365;1/21/2019;17:36;Cash;4.9065
Yangon;Female;Sports and travel;8;432.768;2/2/2019;15:47;Cash;20.608
Mandalay;Male;Sports and travel;1;77.6685;2/3/2019;15:53;Credit card;3.6985
Naypyitaw;Female;Fashion accessories;1;33.495;1/5/2019;12:40;Ewallet;1.595
Naypyitaw;Male;Home and lifestyle;2;145.74;1/27/2019;19:48;Ewallet;6.94
Mandalay;Female;Sports and travel;2;195.951;3/25/2019;17:53;Cash;9.331
Mandalay;Male;Sports and travel;1;92.8725;2/25/2019;16:36;Credit card;4.4225
Yangon;Male;Electronic accessories;8;203.112;1/28/2019;20:54;Ewallet;9.672
Mandalay;Female;Sports and travel;3;152.775;1/8/2019;12:50;Cash;7.275
Mandalay;Female;Food and beverages;6;529.515;1/29/2019;10:48;Credit card;25.215
Mandalay;Male;Health and beauty;5;321.7725;3/29/2019;14:28;Cash;15.3225
Naypyitaw;Female;Home and lifestyle;6;100.485;2/9/2019;17:15;Credit card;4.785
Mandalay;Female;Sports and travel;7;666.939;1/16/2019;18:03;Credit card;31.759
Yangon;Female;Home and lifestyle;5;225.2775;1/5/2019;17:29;Ewallet;10.7275
Yangon;Female;Fashion accessories;7;398.958;1/27/2019;18:05;Ewallet;18.998
Yangon;Male;Electronic accessories;7;731.6925;3/14/2019;12:07;Cash;34.8425
Naypyitaw;Male;Sports and travel;7;429.1665;2/23/2019;19:49;Credit card;20.4365
Naypyitaw;Female;Fashion accessories;1;54.0435;3/18/2019;15:52;Ewallet;2.5735
Mandalay;Male;Health and beauty;5;288.015;3/29/2019;16:48;Ewallet;13.715
Naypyitaw;Male;Home and lifestyle;5;206.7975;1/22/2019;20:46;Credit card;9.8475
Yangon;Male;Home and lifestyle;2;72.933;3/1/2019;18:14;Ewallet;3.473
Naypyitaw;Male;Sports and travel;5;377.58;1/17/2019;15:05;Credit card;17.98
Mandalay;Female;Electronic accessories;3;143.9865;3/26/2019;10:34;Credit card;6.8565
Naypyitaw;Female;Home and lifestyle;6;523.971;3/20/2019;11:23;Cash;24.951
Yangon;Female;Home and lifestyle;6;235.872;2/6/2019;13:55;Credit card;11.232
Naypyitaw;Male;Health and beauty;2;132.027;1/1/2019;11:43;Cash;6.287
Yangon;Male;Food and beverages;6;514.773;1/27/2019;14:36;Credit card;24.513
Yangon;Female;Sports and travel;5;479.9025;2/25/2019;16:03;Ewallet;22.8525
Mandalay;Male;Fashion accessories;4;164.682;1/16/2019;20:03;Credit card;7.842
Mandalay;Male;Fashion accessories;2;125.706;1/13/2019;14:55;Ewallet;5.986
Mandalay;Female;Food and beverages;10;570.78;2/7/2019;11:28;Credit card;27.18
Yangon;Male;Sports and travel;9;926.9505;2/17/2019;19:41;Cash;44.1405
Yangon;Male;Health and beauty;6;160.209;2/12/2019;19:01;Ewallet;7.629
Yangon;Male;Fashion accessories;8;728.112;1/24/2019;18:04;Credit card;34.672
Mandalay;Male;Electronic accessories;10;240.975;2/6/2019;19:20;Ewallet;11.475
Naypyitaw;Female;Food and beverages;9;154.1295;3/26/2019;10:31;Ewallet;7.3395
Yangon;Female;Home and lifestyle;5;148.68;3/11/2019;13:28;Ewallet;7.08
Naypyitaw;Male;Home and lifestyle;7;122.5245;2/7/2019;11:36;Ewallet;5.8345
Mandalay;Female;Fashion accessories;1;77.658;1/5/2019;11:32;Credit card;3.698
Yangon;Male;Home and lifestyle;1;102.837;3/7/2019;11:44;Ewallet;4.897
Yangon;Female;Fashion accessories;4;306.81;2/25/2019;17:16;Credit card;14.61
Naypyitaw;Female;Food and beverages;6;551.124;2/1/2019;18:43;Ewallet;26.244
Yangon;Male;Home and lifestyle;3;96.642;1/22/2019;11:00;Ewallet;4.602
Naypyitaw;Male;Health and beauty;1;79.674;1/3/2019;10:30;Credit card;3.794
Mandalay;Female;Sports and travel;4;84.756;2/13/2019;12:14;Credit card;4.036
Naypyitaw;Male;Electronic accessories;6;118.251;1/28/2019;16:43;Credit card;5.631
Mandalay;Female;Food and beverages;1;74.76;1/5/2019;20:40;Credit card;3.56
Mandalay;Male;Home and lifestyle;4;163.002;3/19/2019;13:40;Ewallet;7.762
Yangon;Female;Fashion accessories;10;308.91;1/12/2019;16:23;Ewallet;14.71
Yangon;Male;Sports and travel;9;575.9775;1/7/2019;12:08;Credit card;27.4275
Mandalay;Female;Sports and travel;5;270.585;1/26/2019;17:45;Cash;12.885
Yangon;Female;Electronic accessories;6;416.178;1/23/2019;10:28;Cash;19.818
Mandalay;Male;Fashion accessories;3;180.4005;2/9/2019;20:31;Ewallet;8.5905
Mandalay;Female;Fashion accessories;9;513.2295;2/22/2019;10:49;Cash;24.4395
Mandalay;Female;Health and beauty;9;550.368;2/5/2019;12:34;Cash;26.208
Naypyitaw;Male;Electronic accessories;6;139.923;3/7/2019;10:23;Credit card;6.663
Yangon;Male;Electronic accessories;7;142.002;3/25/2019;18:51;Cash;6.762
Mandalay;Male;Home and lifestyle;3;118.062;1/20/2019;13:45;Credit card;5.622
Mandalay;Female;Fashion accessories;2;151.284;2/4/2019;19:38;Cash;7.204
Naypyitaw;Female;Food and beverages;10;1034.46;1/30/2019;20:23;Ewallet;49.26
Yangon;Male;Food and beverages;6;262.458;1/2/2019;15:24;Ewallet;12.498
Yangon;Female;Home and lifestyle;3;228.123;3/29/2019;16:54;Ewallet;10.863
Mandalay;Male;Electronic accessories;9;203.931;3/14/2019;12:32;Cash;9.711
Naypyitaw;Male;Food and beverages;10;936.6;2/11/2019;15:42;Credit card;44.6
Mandalay;Female;Electronic accessories;8;356.328;1/30/2019;13:58;Ewallet;16.968
Yangon;Male;Electronic accessories;6;469.413;3/20/2019;15:08;Ewallet;22.353
Mandalay;Male;Fashion accessories;2;208.425;3/20/2019;13:02;Cash;9.925
Yangon;Female;Food and beverages;10;852.705;1/17/2019;13:01;Credit card;40.605
Naypyitaw;Female;Sports and travel;10;517.965;2/3/2019;16:40;Credit card;24.665
Yangon;Female;Fashion accessories;9;621.243;1/1/2019;13:55;Cash;29.583
Mandalay;Female;Fashion accessories;7;586.971;1/10/2019;10:33;Credit card;27.951
Naypyitaw;Female;Sports and travel;7;543.753;3/2/2019;16:42;Ewallet;25.893
Mandalay;Female;Home and lifestyle;5;430.71;2/25/2019;17:16;Credit card;20.51
Mandalay;Male;Sports and travel;10;280.035;1/29/2019;11:48;Cash;13.335
Yangon;Male;Food and beverages;7;74.4555;3/10/2019;19:35;Ewallet;3.5455
Mandalay;Male;Food and beverages;2;152.019;1/13/2019;19:55;Credit card;7.239
Yangon;Male;Sports and travel;5;451.0275;3/22/2019;14:33;Credit card;21.4775
Mandalay;Male;Fashion accessories;7;597.6285;3/1/2019;19:49;Ewallet;28.4585
Mandalay;Male;Food and beverages;4;253.26;2/20/2019;18:43;Cash;12.06
Naypyitaw;Male;Food and beverages;4;133.434;1/14/2019;14:43;Ewallet;6.354
Yangon;Female;Health and beauty;4;269.934;3/26/2019;13:54;Cash;12.854
Mandalay;Male;Health and beauty;2;145.971;3/1/2019;12:15;Ewallet;6.951
Naypyitaw;Male;Food and beverages;3;85.743;1/7/2019;12:37;Cash;4.083
Yangon;Female;Health and beauty;4;326.256;2/1/2019;19:54;Cash;15.536
Naypyitaw;Female;Fashion accessories;2;195.258;2/13/2019;15:06;Credit card;9.298
Mandalay;Female;Fashion accessories;4;75.936;1/14/2019;18:03;Credit card;3.616
Mandalay;Male;Sports and travel;3;198.639;1/19/2019;15:58;Ewallet;9.459
Yangon;Male;Health and beauty;4;217.182;3/9/2019;13:53;Credit card;10.342
Yangon;Female;Food and beverages;3;164.871;3/27/2019;14:03;Cash;7.851
Yangon;Female;Sports and travel;5;226.065;2/4/2019;16:38;Ewallet;10.765
Naypyitaw;Male;Fashion accessories;10;625.905;3/14/2019;11:07;Cash;29.805
Yangon;Male;Health and beauty;5;76.755;3/4/2019;12:23;Cash;3.655
Naypyitaw;Male;Health and beauty;6;293.139;3/3/2019;10:54;Credit card;13.959
Naypyitaw;Female;Home and lifestyle;7;178.164;1/27/2019;17:38;Ewallet;8.484
Yangon;Female;Sports and travel;1;47.859;2/7/2019;14:13;Cash;2.279
Yangon;Female;Sports and travel;3;236.88;2/5/2019;11:51;Ewallet;11.28
Mandalay;Male;Sports and travel;3;304.92;3/15/2019;13:05;Cash;14.52
Mandalay;Male;Health and beauty;3;46.683;3/1/2019;11:30;Credit card;2.223
Yangon;Male;Food and beverages;3;164.43;2/15/2019;13:30;Credit card;7.83
Naypyitaw;Female;Sports and travel;9;440.937;2/17/2019;19:11;Ewallet;20.997
Naypyitaw;Female;Fashion accessories;5;193.4625;1/26/2019;18:53;Cash;9.2125
Yangon;Female;Home and lifestyle;2;147.672;3/24/2019;14:22;Ewallet;7.032
Naypyitaw;Male;Electronic accessories;1;87.234;1/23/2019;17:16;Ewallet;4.154
Naypyitaw;Female;Fashion accessories;1;68.2395;1/26/2019;10:06;Credit card;3.2495
Naypyitaw;Male;Food and beverages;10;814.38;3/14/2019;20:35;Ewallet;38.78
Mandalay;Female;Sports and travel;6;343.413;3/17/2019;13:54;Ewallet;16.353
Naypyitaw;Female;Fashion accessories;7;381.3915;1/8/2019;20:08;Cash;18.1615
Mandalay;Male;Home and lifestyle;4;133.35;2/8/2019;15:26;Cash;6.35
Yangon;Female;Fashion accessories;7;394.3275;2/10/2019;12:56;Ewallet;18.7775
Naypyitaw;Female;Food and beverages;4;209.118;3/28/2019;19:16;Credit card;9.958
Yangon;Male;Fashion accessories;1;32.1405;1/23/2019;12:20;Ewallet;1.5305
Mandalay;Male;Food and beverages;2;121.569;1/17/2019;10:37;Ewallet;5.789
Yangon;Female;Electronic accessories;1;30.408;2/7/2019;10:18;Credit card;1.448
Naypyitaw;Female;Food and beverages;9;935.2665;3/9/2019;11:23;Cash;44.5365
Mandalay;Male;Fashion accessories;3;293.643;1/24/2019;11:45;Cash;13.983
Naypyitaw;Male;Sports and travel;1;84.9765;1/19/2019;16:08;Credit card;4.0465
Yangon;Male;Food and beverages;10;708.225;2/3/2019;11:25;Ewallet;33.725
Yangon;Female;Sports and travel;9;365.904;3/20/2019;12:24;Ewallet;17.424
Mandalay;Male;Sports and travel;6;457.38;1/13/2019;19:51;Cash;21.78
Naypyitaw;Male;Electronic accessories;5;461.5275;3/14/2019;18:10;Ewallet;21.9775
Yangon;Male;Food and beverages;6;620.739;1/23/2019;11:22;Credit card;29.559
Naypyitaw;Female;Fashion accessories;6;273.798;2/7/2019;17:55;Ewallet;13.038
Yangon;Female;Food and beverages;3;225.792;3/28/2019;15:30;Credit card;10.752
Yangon;Female;Food and beverages;1;96.1905;3/20/2019;19:44;Cash;4.5805
Mandalay;Female;Home and lifestyle;7;695.2365;1/17/2019;15:27;Credit card;33.1065
Mandalay;Female;Fashion accessories;10;874.125;1/12/2019;11:25;Credit card;41.625
Mandalay;Male;Fashion accessories;1;95.9175;2/16/2019;15:42;Cash;4.5675
Mandalay;Female;Food and beverages;2;165.648;1/26/2019;16:04;Cash;7.888
Yangon;Male;Sports and travel;2;127.827;3/9/2019;12:37;Ewallet;6.087
Mandalay;Male;Health and beauty;10;867.09;3/14/2019;14:41;Cash;41.29
Yangon;Male;Home and lifestyle;3;167.895;1/25/2019;14:19;Ewallet;7.995
Yangon;Female;Fashion accessories;1;12.6945;1/26/2019;18:19;Credit card;0.6045
Yangon;Male;Sports and travel;10;673.995;1/19/2019;14:08;Credit card;32.095
Yangon;Male;Electronic accessories;3;246.6765;3/5/2019;16:38;Ewallet;11.7465
Yangon;Male;Food and beverages;2;175.917;1/15/2019;10:54;Credit card;8.377
Mandalay;Male;Home and lifestyle;3;314.055;3/18/2019;11:29;Ewallet;14.955
Mandalay;Male;Food and beverages;3;251.7165;3/20/2019;19:28;Credit card;11.9865
Mandalay;Male;Health and beauty;10;697.935;1/15/2019;15:01;Credit card;33.235
Yangon;Male;Health and beauty;7;212.7825;3/3/2019;20:31;Credit card;10.1325
Naypyitaw;Female;Electronic accessories;1;48.51;3/19/2019;12:16;Cash;2.31
Mandalay;Female;Food and beverages;5;92.5575;3/8/2019;15:27;Cash;4.4075
Mandalay;Male;Fashion accessories;3;165.123;2/27/2019;17:36;Ewallet;7.863
Mandalay;Female;Food and beverages;3;311.1885;2/23/2019;20:00;Ewallet;14.8185
Naypyitaw;Female;Electronic accessories;8;743.82;3/19/2019;15:29;Ewallet;35.42
Mandalay;Male;Electronic accessories;2;116.907;3/27/2019;15:08;Ewallet;5.567
Naypyitaw;Female;Food and beverages;8;609.168;3/30/2019;19:26;Credit card;29.008
Naypyitaw;Male;Electronic accessories;5;63.2625;2/16/2019;15:53;Ewallet;3.0125
Yangon;Male;Home and lifestyle;9;182.952;1/18/2019;18:43;Ewallet;8.712
Naypyitaw;Male;Health and beauty;6;442.323;3/30/2019;14:58;Cash;21.063
Mandalay;Male;Fashion accessories;1;35.3115;3/20/2019;19:55;Cash;1.6815
Naypyitaw;Female;Sports and travel;2;32.529;1/16/2019;15:10;Cash;1.549
Naypyitaw;Male;Electronic accessories;10;259.77;2/24/2019;16:44;Cash;12.37
Mandalay;Male;Electronic accessories;5;397.215;1/15/2019;18:22;Ewallet;18.915
Mandalay;Female;Health and beauty;6;351.603;1/22/2019;11:52;Cash;16.743
Yangon;Male;Home and lifestyle;10;764.19;2/3/2019;17:24;Cash;36.39
Mandalay;Male;Sports and travel;9;352.674;3/6/2019;15:31;Ewallet;16.794
Mandalay;Male;Fashion accessories;4;252.756;2/16/2019;18:04;Credit card;12.036
Yangon;Female;Electronic accessories;3;49.4235;3/14/2019;14:13;Credit card;2.3535
Naypyitaw;Female;Electronic accessories;1;104.6745;2/27/2019;10:23;Credit card;4.9845
Yangon;Female;Fashion accessories;3;277.6725;1/18/2019;10:11;Ewallet;13.2225
Yangon;Female;Sports and travel;5;146.6325;1/29/2019;15:48;Cash;6.9825
Yangon;Male;Fashion accessories;1;58.2225;2/26/2019;17:46;Credit card;2.7725
Mandalay;Female;Sports and travel;3;135.3555;2/3/2019;11:46;Cash;6.4455
Naypyitaw;Male;Sports and travel;7;125.979;1/16/2019;12:07;Credit card;5.999
Mandalay;Female;Fashion accessories;6;370.125;3/24/2019;18:14;Credit card;17.625
Naypyitaw;Female;Food and beverages;10;914.55;2/12/2019;14:45;Credit card;43.55
Naypyitaw;Female;Sports and travel;2;207.48;2/21/2019;11:39;Cash;9.88
Yangon;Female;Fashion accessories;4;204.246;2/4/2019;15:44;Ewallet;9.726
Mandalay;Male;Food and beverages;3;181.881;2/20/2019;13:06;Ewallet;8.661
Mandalay;Female;Health and beauty;4;75.474;2/23/2019;20:43;Ewallet;3.594
Naypyitaw;Female;Health and beauty;6;300.573;2/16/2019;14:19;Ewallet;14.313
Mandalay;Female;Sports and travel;2;85.302;1/17/2019;10:01;Credit card;4.062
Yangon;Male;Fashion accessories;10;588.42;1/14/2019;19:30;Ewallet;28.02
Mandalay;Male;Food and beverages;2;196.14;3/30/2019;16:34;Cash;9.34
Mandalay;Female;Health and beauty;3;231.2415;3/2/2019;13:10;Ewallet;11.0115
Naypyitaw;Male;Health and beauty;8;282.576;2/15/2019;17:10;Credit card;13.456
Yangon;Female;Electronic accessories;10;477.54;3/1/2019;10:22;Credit card;22.74
Mandalay;Male;Fashion accessories;2;175.917;2/24/2019;19:57;Cash;8.377
Mandalay;Female;Sports and travel;7;470.988;2/19/2019;19:29;Credit card;22.428
Yangon;Female;Food and beverages;4;308.574;2/23/2019;18:30;Cash;14.694
Naypyitaw;Male;Health and beauty;10;618.975;2/7/2019;14:27;Ewallet;29.475
Yangon;Male;Food and beverages;6;305.55;1/11/2019;13:57;Ewallet;14.55
Mandalay;Female;Electronic accessories;1;41.454;2/12/2019;19:43;Cash;1.974
Mandalay;Female;Sports and travel;1;36.5505;1/14/2019;10:11;Credit card;1.7405
Naypyitaw;Female;Fashion accessories;6;310.716;1/9/2019;13:46;Ewallet;14.796
Yangon;Male;Fashion accessories;2;45.108;2/27/2019;12:22;Ewallet;2.148
Mandalay;Female;Sports and travel;6;145.404;1/24/2019;19:20;Ewallet;6.924
Mandalay;Female;Home and lifestyle;2;103.11;1/8/2019;12:58;Credit card;4.91
Mandalay;Female;Sports and travel;2;136.143;1/8/2019;11:59;Credit card;6.483
Yangon;Male;Home and lifestyle;10;667.38;1/16/2019;17:59;Cash;31.78
Naypyitaw;Male;Sports and travel;2;153.048;3/13/2019;12:51;Cash;7.288
Yangon;Female;Food and beverages;3;211.365;2/15/2019;10:36;Cash;10.065
Naypyitaw;Female;Sports and travel;9;663.2955;1/25/2019;13:38;Cash;31.5855
Naypyitaw;Male;Food and beverages;7;404.544;3/12/2019;19:39;Ewallet;19.264
Yangon;Male;Health and beauty;10;510.615;3/4/2019;12:44;Cash;24.315
Naypyitaw;Female;Fashion accessories;7;539.343;2/10/2019;13:56;Cash;25.683
Naypyitaw;Female;Food and beverages;9;497.07;1/16/2019;14:42;Cash;23.67
Yangon;Female;Home and lifestyle;5;458.6925;1/29/2019;19:45;Cash;21.8425
Yangon;Female;Sports and travel;4;113.568;1/1/2019;20:26;Ewallet;5.408
Mandalay;Male;Home and lifestyle;4;261.198;1/6/2019;19:46;Ewallet;12.438
Yangon;Male;Electronic accessories;9;657.531;2/19/2019;19:38;Credit card;31.311
Naypyitaw;Male;Home and lifestyle;10;1023.75;1/12/2019;16:18;Ewallet;48.75
Naypyitaw;Female;Fashion accessories;8;507.444;2/7/2019;12:23;Ewallet;24.164
Mandalay;Male;Food and beverages;3;101.808;3/27/2019;19:11;Credit card;4.848
Mandalay;Female;Fashion accessories;10;207.585;2/27/2019;18:57;Credit card;9.885
Mandalay;Male;Health and beauty;9;760.4415;1/6/2019;11:18;Cash;36.2115
Mandalay;Female;Home and lifestyle;9;835.2855;3/2/2019;12:40;Cash;39.7755
Mandalay;Male;Health and beauty;7;527.5095;3/29/2019;14:06;Cash;25.1195
Mandalay;Female;Electronic accessories;4;180.6;1/31/2019;20:48;Ewallet;8.6
Naypyitaw;Male;Food and beverages;1;72.429;1/21/2019;20:13;Cash;3.449
Naypyitaw;Male;Fashion accessories;8;131.208;1/20/2019;20:37;Ewallet;6.248
Yangon;Male;Sports and travel;3;80.955;1/17/2019;17:59;Ewallet;3.855
Yangon;Male;Food and beverages;6;507.906;2/28/2019;20:18;Cash;24.186
Naypyitaw;Female;Home and lifestyle;4;317.226;3/19/2019;15:52;Ewallet;15.106
Naypyitaw;Female;Electronic accessories;9;733.6035;2/19/2019;15:14;Ewallet;34.9335
Naypyitaw;Female;Health and beauty;9;130.8825;2/4/2019;12:50;Ewallet;6.2325
Naypyitaw;Male;Fashion accessories;8;829.08;1/31/2019;10:36;Ewallet;39.48
Yangon;Female;Health and beauty;5;187.32;2/6/2019;18:33;Credit card;8.92
Yangon;Female;Fashion accessories;7;525.231;3/28/2019;16:06;Ewallet;25.011
Yangon;Male;Electronic accessories;3;37.611;1/19/2019;12:47;Credit card;1.791
Yangon;Male;Fashion accessories;3;142.947;2/17/2019;13:34;Credit card;6.807
Mandalay;Female;Fashion accessories;6;110.124;1/18/2019;15:04;Credit card;5.244
Mandalay;Female;Fashion accessories;7;187.866;2/2/2019;20:42;Cash;8.946
Naypyitaw;Female;Sports and travel;9;856.4535;1/18/2019;15:28;Cash;40.7835
Mandalay;Male;Home and lifestyle;3;138.978;3/18/2019;13:45;Credit card;6.618
Naypyitaw;Female;Food and beverages;7;270.2595;1/11/2019;20:10;Cash;12.8695
Mandalay;Male;Food and beverages;4;98.028;2/4/2019;18:53;Ewallet;4.668
Naypyitaw;Female;Health and beauty;8;239.4;2/6/2019;14:24;Cash;11.4
Naypyitaw;Male;Home and lifestyle;3;175.0455;1/8/2019;11:42;Credit card;8.3355
Mandalay;Male;Sports and travel;10;732.27;3/5/2019;17:49;Credit card;34.87
Naypyitaw;Male;Fashion accessories;4;408.492;3/16/2019;15:33;Ewallet;19.452
Mandalay;Female;Home and lifestyle;7;383.523;3/9/2019;10:54;Cash;18.263
Yangon;Female;Fashion accessories;4;93.744;3/1/2019;16:23;Credit card;4.464
Yangon;Male;Health and beauty;3;176.4;2/28/2019;19:33;Ewallet;8.4
Yangon;Male;Fashion accessories;1;20.685;2/8/2019;11:39;Ewallet;0.985
Mandalay;Male;Electronic accessories;7;557.718;1/24/2019;10:38;Ewallet;26.558
Mandalay;Male;Food and beverages;1;56.406;3/1/2019;20:03;Ewallet;2.686
Naypyitaw;Male;Health and beauty;10;860.475;3/10/2019;12:39;Credit card;40.975
Naypyitaw;Female;Home and lifestyle;7;596.82;3/23/2019;15:59;Credit card;28.42
Naypyitaw;Male;Electronic accessories;10;616.98;1/29/2019;14:26;Ewallet;29.38
Mandalay;Male;Electronic accessories;8;769.104;1/12/2019;18:22;Ewallet;36.624
Yangon;Male;Home and lifestyle;9;887.922;3/20/2019;11:32;Cash;42.282
Naypyitaw;Male;Home and lifestyle;7;408.7335;3/23/2019;12:41;Cash;19.4635
Naypyitaw;Male;Food and beverages;1;89.0715;1/14/2019;15:20;Ewallet;4.2415
Yangon;Female;Sports and travel;2;150.423;2/12/2019;14:33;Ewallet;7.163
Yangon;Male;Home and lifestyle;2;79.149;2/20/2019;15:29;Ewallet;3.769
Naypyitaw;Female;Sports and travel;8;266.028;1/2/2019;16:19;Credit card;12.668
Naypyitaw;Female;Food and beverages;1;40.341;2/2/2019;16:33;Cash;1.921
Mandalay;Male;Fashion accessories;10;684.915;1/8/2019;19:07;Credit card;32.615
Naypyitaw;Female;Home and lifestyle;5;55.2825;1/30/2019;14:43;Credit card;2.6325
Mandalay;Female;Home and lifestyle;9;116.1405;3/26/2019;19:28;Credit card;5.5305
Naypyitaw;Male;Health and beauty;7;597.0405;1/15/2019;20:44;Cash;28.4305
Mandalay;Female;Fashion accessories;4;93.744;3/14/2019;11:16;Ewallet;4.464
Yangon;Female;Food and beverages;5;143.22;2/3/2019;10:31;Credit card;6.82
Yangon;Female;Electronic accessories;10;182.91;2/22/2019;12:30;Ewallet;8.71
Mandalay;Male;Home and lifestyle;5;384.72;1/24/2019;15:05;Ewallet;18.32
Naypyitaw;Female;Fashion accessories;3;267.3405;1/25/2019;18:30;Ewallet;12.7305
Yangon;Female;Fashion accessories;8;817.236;3/9/2019;13:18;Credit card;38.916
Mandalay;Female;Electronic accessories;8;300.216;2/17/2019;15:28;Ewallet;14.296
Yangon;Female;Home and lifestyle;6;608.076;1/11/2019;11:52;Cash;28.956
Yangon;Male;Food and beverages;10;197.925;2/27/2019;18:24;Ewallet;9.425
Yangon;Female;Food and beverages;4;232.638;3/25/2019;15:19;Ewallet;11.078
Mandalay;Female;Food and beverages;10;810.6;2/11/2019;10:38;Credit card;38.6
Mandalay;Male;Electronic accessories;10;757.365;1/31/2019;15:12;Credit card;36.065
Yangon;Female;Fashion accessories;8;536.592;1/20/2019;17:48;Ewallet;25.552
Yangon;Female;Health and beauty;5;56.1225;3/26/2019;11:07;Ewallet;2.6725
Yangon;Male;Health and beauty;4;233.1;1/20/2019;15:48;Credit card;11.1
Mandalay;Female;Home and lifestyle;8;801.864;3/5/2019;19:40;Ewallet;38.184
Naypyitaw;Female;Fashion accessories;3;239.589;1/5/2019;20:30;Credit card;11.409
Mandalay;Male;Sports and travel;6;86.247;2/13/2019;13:59;Cash;4.107
Mandalay;Female;Electronic accessories;4;401.688;3/16/2019;18:51;Cash;19.128
Yangon;Female;Home and lifestyle;6;72.009;1/15/2019;17:24;Cash;3.429
Mandalay;Female;Sports and travel;4;401.268;2/26/2019;11:58;Ewallet;19.108
Naypyitaw;Female;Health and beauty;7;631.1445;2/27/2019;19:01;Credit card;30.0545
Naypyitaw;Female;Sports and travel;7;499.7265;2/17/2019;16:50;Ewallet;23.7965
Naypyitaw;Female;Food and beverages;1;55.041;2/6/2019;10:22;Credit card;2.621
Naypyitaw;Male;Food and beverages;2;137.865;1/17/2019;16:46;Cash;6.565
Mandalay;Female;Food and beverages;5;151.515;1/22/2019;18:08;Credit card;7.215
Naypyitaw;Male;Health and beauty;7;480.0285;3/5/2019;18:02;Credit card;22.8585
Mandalay;Male;Sports and travel;1;98.049;1/3/2019;13:07;Cash;4.669
Naypyitaw;Male;Sports and travel;5;132.5625;3/20/2019;17:52;Cash;6.3125
Mandalay;Male;Electronic accessories;9;830.3715;1/31/2019;20:32;Ewallet;39.5415
Naypyitaw;Male;Health and beauty;8;183.12;2/19/2019;19:24;Cash;8.72
Yangon;Female;Sports and travel;4;397.992;2/11/2019;16:06;Ewallet;18.952
Yangon;Female;Fashion accessories;1;32.151;2/5/2019;14:14;Credit card;1.531
Naypyitaw;Female;Home and lifestyle;8;369.684;3/3/2019;17:36;Cash;17.604
Naypyitaw;Female;Health and beauty;5;53.34;2/24/2019;13:08;Ewallet;2.54
Yangon;Male;Electronic accessories;7;548.163;2/4/2019;16:09;Credit card;26.103
Naypyitaw;Male;Electronic accessories;8;603.876;2/19/2019;11:33;Ewallet;28.756
Naypyitaw;Female;Health and beauty;5;57.6975;1/23/2019;10:18;Credit card;2.7475
Naypyitaw;Male;Health and beauty;3;190.4805;1/14/2019;10:55;Credit card;9.0705
Yangon;Male;Sports and travel;7;432.9885;1/17/2019;15:15;Ewallet;20.6185
Yangon;Male;Fashion accessories;1;48.7305;3/3/2019;20:06;Credit card;2.3205
Naypyitaw;Male;Health and beauty;4;287.91;2/15/2019;20:21;Credit card;13.71
Mandalay;Female;Home and lifestyle;10;1022.385;1/15/2019;13:48;Credit card;48.685
Yangon;Male;Electronic accessories;7;680.61;2/27/2019;12:52;Credit card;32.41
Yangon;Female;Electronic accessories;2;97.881;2/26/2019;12:28;Credit card;4.661
Mandalay;Male;Fashion accessories;2;57.078;3/15/2019;16:26;Ewallet;2.718
Naypyitaw;Female;Home and lifestyle;1;63.9135;1/24/2019;13:24;Cash;3.0435
Yangon;Female;Sports and travel;10;257.145;2/22/2019;15:15;Cash;12.245
Mandalay;Male;Health and beauty;1;97.419;3/15/2019;10:50;Credit card;4.639
Naypyitaw;Male;Home and lifestyle;5;455.1225;2/11/2019;18:38;Ewallet;21.6725
Mandalay;Male;Sports and travel;6;144.963;1/12/2019;16:45;Ewallet;6.903
Naypyitaw;Female;Electronic accessories;8;253.68;3/3/2019;19:30;Ewallet;12.08
Naypyitaw;Male;Fashion accessories;7;495.3165;3/23/2019;13:23;Ewallet;23.5865
Yangon;Female;Fashion accessories;9;462.672;3/4/2019;11:27;Cash;22.032
Mandalay;Female;Electronic accessories;9;714.3255;2/23/2019;11:12;Cash;34.0155
Yangon;Female;Home and lifestyle;4;325.374;3/17/2019;16:36;Cash;15.494
Yangon;Female;Sports and travel;2;195.678;1/16/2019;18:41;Credit card;9.318
Yangon;Female;Electronic accessories;4;210.966;1/8/2019;17:12;Cash;10.046
Mandalay;Female;Health and beauty;1;18.6375;1/14/2019;10:38;Cash;0.8875
Naypyitaw;Female;Fashion accessories;10;652.89;1/31/2019;10:33;Ewallet;31.09
Mandalay;Male;Health and beauty;8;90.3;3/15/2019;14:38;Ewallet;4.3
Yangon;Female;Electronic accessories;10;422.73;2/24/2019;18:06;Credit card;20.13
Naypyitaw;Female;Sports and travel;5;341.0925;2/8/2019;12:52;Credit card;16.2425
Yangon;Male;Electronic accessories;1;99.9075;3/22/2019;14:00;Cash;4.7575
Yangon;Female;Electronic accessories;8;408.408;1/24/2019;10:57;Cash;19.448
Mandalay;Female;Food and beverages;8;446.964;3/14/2019;16:45;Ewallet;21.284
Naypyitaw;Female;Fashion accessories;7;333.984;1/23/2019;11:15;Cash;15.904
Yangon;Male;Food and beverages;8;284.592;1/19/2019;20:29;Ewallet;13.552
Mandalay;Male;Health and beauty;4;403.872;1/27/2019;20:03;Credit card;19.232
Mandalay;Male;Food and beverages;5;247.59;2/3/2019;14:35;Credit card;11.79
Mandalay;Male;Electronic accessories;4;222.138;3/25/2019;16:32;Ewallet;10.578
Yangon;Female;Home and lifestyle;2;100.128;2/24/2019;10:10;Credit card;4.768
Naypyitaw;Male;Sports and travel;1;10.6785;2/7/2019;14:15;Cash;0.5085
Yangon;Female;Health and beauty;3;216.4365;3/4/2019;10:05;Cash;10.3065
Mandalay;Female;Sports and travel;7;441.588;2/14/2019;11:36;Credit card;21.028
Yangon;Female;Sports and travel;4;92.442;1/29/2019;18:15;Credit card;4.402
Mandalay;Female;Health and beauty;9;681.4395;1/28/2019;13:53;Credit card;32.4495
Yangon;Male;Fashion accessories;3;130.032;3/26/2019;18:37;Credit card;6.192
Naypyitaw;Male;Electronic accessories;10;681.975;3/24/2019;18:27;Cash;32.475
Yangon;Female;Electronic accessories;10;779.31;1/1/2019;14:42;Credit card;37.11
Yangon;Male;Electronic accessories;8;88.704;1/24/2019;17:43;Cash;4.224
Mandalay;Male;Health and beauty;4;262.794;2/25/2019;18:37;Cash;12.514
Mandalay;Female;Sports and travel;8;99.54;1/9/2019;16:34;Cash;4.74
Yangon;Male;Health and beauty;1;95.865;2/14/2019;14:42;Ewallet;4.565
Mandalay;Female;Home and lifestyle;7;299.3655;3/12/2019;11:01;Ewallet;14.2555
Yangon;Male;Fashion accessories;1;54.999;3/26/2019;19:44;Cash;2.619
Yangon;Male;Fashion accessories;5;202.335;1/9/2019;13:34;Ewallet;9.635
Mandalay;Male;Sports and travel;6;281.169;1/2/2019;20:08;Credit card;13.389
Naypyitaw;Male;Electronic accessories;10;586.635;1/15/2019;15:01;Cash;27.935
Naypyitaw;Female;Sports and travel;6;184.086;1/1/2019;11:40;Ewallet;8.766
Yangon;Male;Fashion accessories;3;163.611;2/15/2019;15:21;Cash;7.791
Mandalay;Male;Electronic accessories;1;63.315;2/28/2019;17:38;Cash;3.015
Yangon;Female;Sports and travel;2;82.887;3/2/2019;16:16;Credit card;3.947
Naypyitaw;Female;Food and beverages;2;31.227;2/13/2019;18:15;Credit card;1.487
Yangon;Male;Fashion accessories;1;22.386;1/26/2019;12:43;Cash;1.066
Yangon;Male;Electronic accessories;3;295.407;1/30/2019;11:32;Credit card;14.067
Yangon;Male;Electronic accessories;1;76.923;1/27/2019;18:08;Ewallet;3.663
Naypyitaw;Female;Sports and travel;1;23.499;1/30/2019;17:08;Credit card;1.119
Naypyitaw;Female;Food and beverages;9;688.716;1/8/2019;19:38;Cash;32.796
Yangon;Female;Fashion accessories;6;624.33;1/19/2019;13:11;Cash;29.73
Yangon;Male;Fashion accessories;1;77.805;1/25/2019;11:05;Cash;3.705
Yangon;Female;Fashion accessories;2;206.808;2/19/2019;10:12;Ewallet;9.848
Naypyitaw;Male;Health and beauty;7;390.9465;1/14/2019;15:42;Ewallet;18.6165
Mandalay;Female;Electronic accessories;10;554.295;2/25/2019;11:58;Ewallet;26.395
Yangon;Female;Health and beauty;5;503.7375;1/23/2019;14:21;Ewallet;23.9875
Mandalay;Female;Fashion accessories;9;345.0195;2/16/2019;10:52;Cash;16.4295
Mandalay;Male;Food and beverages;8;177.408;1/1/2019;19:31;Cash;8.448
Yangon;Female;Home and lifestyle;4;118.902;3/7/2019;18:35;Cash;5.662
Mandalay;Male;Health and beauty;6;362.817;2/15/2019;13:51;Cash;17.277
Yangon;Female;Food and beverages;9;450.1035;1/23/2019;12:35;Cash;21.4335
Naypyitaw;Female;Home and lifestyle;1;90.5835;2/20/2019;13:24;Ewallet;4.3135
Yangon;Male;Sports and travel;2;26.796;1/8/2019;18:06;Ewallet;1.276
Mandalay;Female;Home and lifestyle;9;106.596;3/17/2019;11:55;Credit card;5.076
Mandalay;Female;Home and lifestyle;7;375.3645;1/12/2019;11:42;Cash;17.8745
Yangon;Female;Electronic accessories;3;250.7085;1/8/2019;14:30;Cash;11.9385
Naypyitaw;Male;Health and beauty;3;106.5015;1/26/2019;15:11;Ewallet;5.0715
Mandalay;Male;Sports and travel;8;760.452;3/15/2019;14:48;Credit card;36.212
Naypyitaw;Female;Health and beauty;2;131.922;1/17/2019;12:36;Ewallet;6.282
Naypyitaw;Male;Food and beverages;3;76.5765;1/8/2019;19:09;Credit card;3.6465
Yangon;Male;Sports and travel;4;271.278;1/6/2019;13:35;Ewallet;12.918
Yangon;Male;Food and beverages;7;182.427;2/16/2019;10:33;Credit card;8.687
Naypyitaw;Male;Fashion accessories;1;59.325;3/13/2019;15:45;Ewallet;2.825
Mandalay;Female;Electronic accessories;10;225.015;1/28/2019;11:51;Cash;10.715
Yangon;Male;Sports and travel;6;561.078;1/18/2019;17:26;Cash;26.718
Yangon;Male;Home and lifestyle;4;97.818;3/19/2019;11:52;Credit card;4.658
Naypyitaw;Male;Home and lifestyle;8;548.184;3/15/2019;14:04;Ewallet;26.104
Naypyitaw;Male;Fashion accessories;1;54.9675;2/12/2019;17:49;Cash;2.6175
Mandalay;Male;Electronic accessories;1;41.7375;2/25/2019;20:19;Cash;1.9875
Yangon;Female;Electronic accessories;8;756.168;3/21/2019;16:08;Credit card;36.008
Mandalay;Female;Electronic accessories;8;101.64;1/19/2019;10:17;Ewallet;4.84
Mandalay;Female;Food and beverages;10;348.705;1/8/2019;14:25;Ewallet;16.605
Naypyitaw;Female;Fashion accessories;8;85.512;3/30/2019;12:51;Credit card;4.072
Mandalay;Male;Sports and travel;10;335.895;2/20/2019;15:18;Credit card;15.995
Yangon;Female;Home and lifestyle;6;216.846;3/30/2019;12:45;Ewallet;10.326
Yangon;Female;Food and beverages;2;175.014;3/19/2019;13:37;Cash;8.334
Yangon;Male;Sports and travel;7;335.013;1/13/2019;10:03;Cash;15.953
Yangon;Male;Food and beverages;1;92.295;2/5/2019;19:42;Ewallet;4.395
Yangon;Female;Electronic accessories;10;771.435;3/23/2019;13:14;Ewallet;36.735
Naypyitaw;Female;Fashion accessories;8;102.396;3/13/2019;12:47;Ewallet;4.876
Yangon;Male;Sports and travel;10;807.66;3/17/2019;19:53;Ewallet;38.46
Naypyitaw;Female;Health and beauty;5;439.215;2/21/2019;10:26;Cash;20.915
Mandalay;Female;Electronic accessories;8;486.444;2/7/2019;15:06;Cash;23.164
Naypyitaw;Female;Fashion accessories;5;485.5725;3/2/2019;16:35;Credit card;23.1225
Mandalay;Male;Electronic accessories;5;148.995;3/6/2019;20:57;Cash;7.095
Mandalay;Male;Electronic accessories;6;317.835;2/6/2019;15:16;Credit card;15.135
Mandalay;Male;Health and beauty;8;832.944;1/28/2019;17:47;Credit card;39.664
Naypyitaw;Male;Fashion accessories;7;446.439;1/18/2019;16:23;Ewallet;21.259
Naypyitaw;Female;Food and beverages;6;297.801;2/5/2019;10:17;Cash;14.181
Naypyitaw;Male;Health and beauty;7;629.16;3/2/2019;13:50;Cash;29.96
Yangon;Male;Food and beverages;9;331.128;2/9/2019;19:17;Ewallet;15.768
Naypyitaw;Female;Electronic accessories;9;423.738;1/14/2019;14:00;Credit card;20.178
Mandalay;Male;Home and lifestyle;4;193.074;2/9/2019;12:02;Ewallet;9.194
Yangon;Female;Health and beauty;5;145.5825;3/26/2019;20:21;Credit card;6.9325
Yangon;Male;Food and beverages;7;84.7455;1/28/2019;17:35;Cash;4.0355
Naypyitaw;Female;Health and beauty;2;122.472;2/14/2019;12:42;Ewallet;5.832
Naypyitaw;Female;Home and lifestyle;4;329.196;3/24/2019;17:56;Cash;15.676
Naypyitaw;Male;Health and beauty;10;888.405;2/9/2019;18:58;Credit card;42.305
Mandalay;Female;Health and beauty;5;435.12;3/24/2019;14:08;Credit card;20.72
Yangon;Female;Food and beverages;2;167.034;3/27/2019;16:30;Ewallet;7.954
Mandalay;Female;Home and lifestyle;10;514.605;1/27/2019;10:44;Credit card;24.505
Mandalay;Female;Food and beverages;3;91.8225;3/27/2019;20:29;Credit card;4.3725
Naypyitaw;Female;Electronic accessories;4;235.746;1/19/2019;11:43;Ewallet;11.226
Yangon;Female;Home and lifestyle;8;782.208;2/7/2019;10:09;Cash;37.248
Yangon;Male;Fashion accessories;8;431.256;1/31/2019;10:00;Ewallet;20.536
Yangon;Female;Food and beverages;3;313.74;2/25/2019;18:45;Cash;14.94
Naypyitaw;Female;Electronic accessories;6;223.587;2/2/2019;12:40;Cash;10.647
Naypyitaw;Male;Sports and travel;1;44.9925;3/14/2019;15:36;Credit card;2.1425
Yangon;Female;Fashion accessories;4;397.614;3/11/2019;12:04;Cash;18.934
Mandalay;Male;Home and lifestyle;3;217.2555;2/22/2019;11:26;Ewallet;10.3455
Mandalay;Female;Electronic accessories;3;82.719;3/2/2019;12:36;Ewallet;3.939
Naypyitaw;Female;Home and lifestyle;9;338.2155;3/10/2019;15:06;Credit card;16.1055
Mandalay;Female;Home and lifestyle;6;103.131;2/8/2019;10:58;Cash;4.911
Naypyitaw;Female;Home and lifestyle;2;26.733;2/22/2019;12:10;Credit card;1.273
Naypyitaw;Female;Sports and travel;7;611.079;1/10/2019;10:31;Credit card;29.099
Naypyitaw;Female;Sports and travel;6;221.886;3/14/2019;13:49;Ewallet;10.566
Mandalay;Female;Electronic accessories;4;57.876;1/10/2019;11:10;Ewallet;2.756
Mandalay;Male;Sports and travel;1;92.7255;2/15/2019;17:38;Credit card;4.4155
Yangon;Female;Health and beauty;9;374.409;1/13/2019;17:54;Credit card;17.829
Mandalay;Female;Electronic accessories;9;833.9625;2/15/2019;20:51;Credit card;39.7125
Mandalay;Male;Sports and travel;2;53.151;3/2/2019;19:26;Ewallet;2.531
Mandalay;Male;Home and lifestyle;6;629.496;3/24/2019;13:33;Ewallet;29.976
Naypyitaw;Female;Fashion accessories;2;175.035;2/2/2019;14:05;Credit card;8.335
Yangon;Female;Food and beverages;10;781.62;2/27/2019;11:40;Ewallet;37.22
Naypyitaw;Male;Health and beauty;7;470.988;1/20/2019;12:27;Ewallet;22.428
Mandalay;Female;Home and lifestyle;6;397.845;1/3/2019;20:24;Ewallet;18.945
Naypyitaw;Male;Home and lifestyle;3;270.018;1/24/2019;20:59;Ewallet;12.858
Naypyitaw;Female;Health and beauty;7;579.8415;1/5/2019;19:48;Ewallet;27.6115
Yangon;Female;Sports and travel;5;469.77;3/30/2019;10:18;Cash;22.37
Yangon;Female;Health and beauty;3;290.0835;2/17/2019;16:27;Cash;13.8135
Naypyitaw;Female;Food and beverages;6;360.927;3/21/2019;17:04;Ewallet;17.187
Yangon;Male;Food and beverages;4;279.384;3/2/2019;18:14;Ewallet;13.304
Naypyitaw;Male;Fashion accessories;9;943.299;3/27/2019;10:43;Cash;44.919
Yangon;Female;Home and lifestyle;10;479.64;1/19/2019;19:30;Ewallet;22.84
Yangon;Male;Health and beauty;5;266.6475;2/19/2019;14:53;Credit card;12.6975
Yangon;Male;Health and beauty;7;74.088;3/28/2019;20:14;Cash;3.528
Yangon;Female;Electronic accessories;7;690.018;1/5/2019;11:51;Credit card;32.858
Naypyitaw;Male;Electronic accessories;2;176.925;3/26/2019;14:13;Credit card;8.425
Mandalay;Male;Fashion accessories;1;56.469;2/3/2019;20:13;Ewallet;2.689
Naypyitaw;Male;Home and lifestyle;5;188.0025;2/6/2019;18:44;Ewallet;8.9525
Mandalay;Female;Food and beverages;8;222.012;2/24/2019;14:26;Ewallet;10.572
Mandalay;Male;Health and beauty;3;125.7165;2/21/2019;12:40;Ewallet;5.9865
Mandalay;Female;Home and lifestyle;3;68.985;1/9/2019;18:43;Ewallet;3.285
Mandalay;Female;Food and beverages;4;263.97;2/25/2019;13:22;Ewallet;12.57
Naypyitaw;Female;Food and beverages;4;88.368;1/13/2019;13:58;Cash;4.208
Mandalay;Male;Home and lifestyle;6;415.233;2/9/2019;11:45;Cash;19.773
Yangon;Female;Fashion accessories;7;312.8895;1/6/2019;11:51;Cash;14.8995
Naypyitaw;Male;Food and beverages;9;477.1305;1/10/2019;17:16;Cash;22.7205
Mandalay;Male;Electronic accessories;6;289.926;2/7/2019;15:55;Cash;13.806
Naypyitaw;Female;Home and lifestyle;10;165.9;1/9/2019;12:07;Cash;7.9
Yangon;Female;Food and beverages;9;932.337;2/19/2019;15:07;Cash;44.397
Naypyitaw;Male;Fashion accessories;1;96.579;3/18/2019;15:29;Cash;4.599
Yangon;Male;Electronic accessories;2;43.869;2/5/2019;18:45;Cash;2.089
Yangon;Female;Fashion accessories;1;16.275;3/19/2019;15:23;Credit card;0.775
Naypyitaw;Male;Electronic accessories;3;304.983;3/30/2019;20:37;Cash;14.523
Mandalay;Male;Food and beverages;2;69.993;1/26/2019;14:41;Credit card;3.333
Mandalay;Female;Electronic accessories;2;80.367;3/2/2019;18:18;Credit card;3.827
Yangon;Female;Home and lifestyle;9;314.685;3/4/2019;15:27;Ewallet;14.985
Yangon;Male;Home and lifestyle;3;255.1815;1/13/2019;12:55;Credit card;12.1515
Yangon;Female;Health and beauty;3;49.77;3/25/2019;18:02;Cash;2.37
Mandalay;Female;Electronic accessories;5;181.0725;3/11/2019;19:44;Credit card;8.6225
Mandalay;Female;Food and beverages;10;888.615;1/1/2019;11:36;Credit card;42.315
Mandalay;Male;Home and lifestyle;7;271.2885;2/10/2019;13:51;Ewallet;12.9185
Mandalay;Male;Electronic accessories;7;640.038;1/26/2019;15:17;Cash;30.478
Yangon;Male;Home and lifestyle;3;252.252;2/11/2019;15:29;Cash;12.012
Naypyitaw;Male;Fashion accessories;2;180.873;2/7/2019;17:59;Cash;8.613
Mandalay;Male;Fashion accessories;2;104.832;3/6/2019;11:55;Credit card;4.992
Yangon;Female;Food and beverages;4;313.572;3/4/2019;10:39;Cash;14.932
Mandalay;Male;Food and beverages;6;167.58;2/26/2019;15:10;Ewallet;7.98
Mandalay;Female;Electronic accessories;1;26.7225;3/10/2019;18:10;Credit card;1.2725
Mandalay;Female;Food and beverages;1;71.1585;2/4/2019;20:43;Credit card;3.3885
Naypyitaw;Male;Food and beverages;4;250.278;1/19/2019;12:46;Cash;11.918
Yangon;Male;Health and beauty;4;244.23;1/23/2019;17:44;Cash;11.63
Yangon;Female;Sports and travel;9;921.186;3/14/2019;14:19;Ewallet;43.866
Naypyitaw;Male;Health and beauty;7;734.706;1/23/2019;10:33;Cash;34.986
Naypyitaw;Male;Electronic accessories;7;708.3195;1/9/2019;11:40;Cash;33.7295
Mandalay;Female;Fashion accessories;5;334.4775;2/7/2019;19:30;Ewallet;15.9275
Mandalay;Female;Health and beauty;2;30.996;2/18/2019;14:42;Ewallet;1.476
Mandalay;Male;Health and beauty;8;520.8;1/3/2019;19:08;Credit card;24.8
Naypyitaw;Male;Electronic accessories;10;864.57;3/29/2019;19:12;Ewallet;41.17
Mandalay;Male;Health and beauty;8;633.108;1/28/2019;15:46;Credit card;30.148
Yangon;Female;Food and beverages;5;296.94;3/22/2019;19:06;Credit card;14.14
Mandalay;Female;Sports and travel;10;804.3;1/24/2019;18:10;Ewallet;38.3
Yangon;Male;Electronic accessories;2;121.863;3/10/2019;20:46;Ewallet;5.803
Mandalay;Male;Fashion accessories;10;183.645;2/22/2019;18:35;Ewallet;8.745
Naypyitaw;Female;Electronic accessories;1;63.9975;2/18/2019;11:40;Ewallet;3.0475
Naypyitaw;Male;Health and beauty;1;42.3675;1/29/2019;13:46;Ewallet;2.0175
Mandalay;Female;Home and lifestyle;10;1022.49;3/2/2019;17:16;Ewallet;48.69
Yangon;Male;Food and beverages;1;33.432;2/9/2019;13:22;Cash;1.592
Yangon;Male;Home and lifestyle;1;69.111;2/22/2019;15:33;Cash;3.291
Yangon;Female;Fashion accessories;7;649.299;2/18/2019;13:28;Cash;30.919