id,g,exp,enr,ed,m,y_exp,t_job,cdi
32403,Male,True,Full time course,Graduate,STEM,9,1,0.8270000000000001
9858,Female,True,no_enrollment,Graduate,STEM,5,1,0.92
31806,Male,False,no_enrollment,High School,,<1,never,0.624
27385,Male,True,no_enrollment,Masters,STEM,11,1,0.8270000000000001
27724,Male,True,no_enrollment,Graduate,STEM,>20,>4,0.92
217,Male,False,Part time course,Masters,STEM,10,2,0.899
21465,,True,no_enrollment,Graduate,STEM,<1,1,0.624
27302,Female,True,no_enrollment,Graduate,STEM,>20,>4,0.92
12994,Male,True,no_enrollment,Graduate,STEM,14,4,0.878
16287,Male,True,Full time course,Graduate,,3,1,0.624
10856,Male,True,no_enrollment,Masters,Other,>20,>4,0.92
9272,Male,True,no_enrollment,Graduate,STEM,20,2,0.698
14249,Male,True,no_enrollment,Graduate,STEM,8,never,0.762
24372,,True,no_enrollment,Masters,STEM,4,1,0.949
14070,,False,no_enrollment,Graduate,STEM,5,never,0.92
24914,,True,Full time course,Graduate,STEM,13,1,0.624
7865,Male,True,no_enrollment,Masters,STEM,4,1,0.624
7463,Male,True,no_enrollment,Masters,Business Degree,2,1,0.8270000000000001
21514,,True,no_enrollment,Graduate,STEM,6,4,0.624
29033,Male,False,Full time course,,,2,never,0.624
15359,,False,Full time course,Graduate,STEM,2,never,0.92
16001,,True,no_enrollment,Graduate,STEM,7,1,0.92
25202,Male,True,no_enrollment,Graduate,STEM,6,3,0.624
5058,Male,False,Full time course,Graduate,STEM,1,1,0.92
23570,Male,True,no_enrollment,Graduate,STEM,19,>4,0.722
19139,Female,True,Part time course,Graduate,STEM,15,>4,0.92
9548,Male,True,no_enrollment,Masters,STEM,>20,>4,0.926
8799,Male,False,Full time course,Graduate,STEM,6,1,0.92
11113,,True,no_enrollment,Masters,STEM,16,1,0.698
19437,,True,no_enrollment,Graduate,STEM,3,,0.624
394,,True,Full time course,Graduate,STEM,5,1,0.754
7683,Male,True,no_enrollment,Graduate,STEM,5,1,0.92
22849,,True,no_enrollment,,,,never,0.743
17189,Male,True,no_enrollment,Graduate,STEM,7,4,0.624
28610,Male,True,no_enrollment,Masters,STEM,>20,>4,0.91
25608,,True,no_enrollment,Masters,STEM,17,>4,0.903
22139,Male,True,Part time course,Graduate,STEM,>20,>4,0.92
19644,Male,True,no_enrollment,Graduate,STEM,>20,>4,0.913
18517,,False,Full time course,Masters,STEM,<1,1,0.624
12835,Male,True,no_enrollment,Masters,STEM,>20,1,0.897
20178,Male,True,no_enrollment,Masters,STEM,13,1,0.89
25855,Female,True,no_enrollment,Graduate,Arts,4,1,0.92
32126,Male,True,no_enrollment,Graduate,STEM,16,4,0.92
22753,Male,True,no_enrollment,Graduate,STEM,>20,2,0.924
18133,Male,False,no_enrollment,Graduate,STEM,1,1,0.92
29242,Male,True,no_enrollment,Masters,STEM,5,1,0.624
6312,Male,True,no_enrollment,Graduate,STEM,>20,1,0.92
113,Male,True,no_enrollment,Masters,STEM,6,1,0.91
14685,Male,False,Full time course,Masters,STEM,3,1,0.926
20768,Male,False,Full time course,High School,,2,never,0.698
25906,Male,True,no_enrollment,Graduate,STEM,19,1,0.939
20142,Male,True,no_enrollment,Graduate,STEM,10,1,0.924
25891,Male,True,no_enrollment,Graduate,STEM,>20,>4,0.92
4742,,False,no_enrollment,,,2,,0.6890000000000001
2222,Male,True,no_enrollment,Graduate,Business Degree,14,1,0.794
16917,,False,Full time course,High School,,1,1,0.92
10493,,True,no_enrollment,Masters,STEM,8,2,0.624
10418,Male,True,no_enrollment,,,7,>4,0.698
9766,Male,True,no_enrollment,Graduate,STEM,5,2,0.923
1361,Other,True,Full time course,Graduate,STEM,5,1,0.92
19625,Male,True,no_enrollment,High School,,7,1,0.925
20943,Male,True,no_enrollment,Graduate,STEM,>20,>4,0.92
9561,,True,no_enrollment,Masters,STEM,19,2,0.939
4271,,True,,Graduate,STEM,5,2,0.8270000000000001
2094,Female,True,no_enrollment,Graduate,STEM,18,>4,0.6659999999999999
16931,Male,True,no_enrollment,Graduate,STEM,15,>4,0.807
27298,Male,False,no_enrollment,Graduate,Arts,5,never,0.624
26493,Male,False,Part time course,Graduate,STEM,8,1,0.897
30745,Male,True,no_enrollment,Graduate,STEM,8,3,0.682
21052,Male,True,no_enrollment,Graduate,STEM,2,never,0.698
20723,Male,True,Full time course,Graduate,STEM,<1,1,0.55
13539,Male,True,no_enrollment,Graduate,STEM,13,2,0.74
3214,Male,True,no_enrollment,Masters,STEM,>20,4,0.91
16230,,False,Full time course,High School,,1,never,0.92
25300,Male,True,no_enrollment,Graduate,STEM,7,1,0.92
24018,Male,True,Part time course,Graduate,STEM,3,1,0.55
21833,Male,True,no_enrollment,Graduate,STEM,20,>4,0.91
30632,Male,True,no_enrollment,Masters,STEM,12,2,0.926
4334,Male,True,,High School,,9,2,0.92
22271,Male,False,Full time course,Graduate,Other,15,3,0.887
28776,Male,True,no_enrollment,Masters,STEM,>20,>4,0.926
27769,Male,False,Full time course,Masters,STEM,2,1,0.624
25909,,True,no_enrollment,Masters,STEM,15,>4,0.855
31266,Male,True,no_enrollment,Graduate,STEM,9,>4,0.926
7973,Male,True,no_enrollment,Masters,STEM,14,1,0.926
30867,,True,no_enrollment,Graduate,STEM,3,1,0.624
22501,Male,True,no_enrollment,,,19,>4,0.939
2539,Male,True,Full time course,Masters,STEM,10,4,0.8270000000000001
26681,Male,True,no_enrollment,Graduate,Business Degree,>20,3,0.92
16184,,False,Full time course,High School,,1,never,0.745
3852,Male,True,no_enrollment,Masters,STEM,>20,>4,0.92
1680,Male,True,no_enrollment,Masters,STEM,19,4,0.682
3562,Male,True,no_enrollment,Masters,STEM,>20,2,0.926
8488,Male,True,Part time course,Masters,STEM,3,2,0.5579999999999999
8373,Male,True,no_enrollment,Graduate,STEM,17,3,0.92
2934,Male,True,no_enrollment,Phd,STEM,>20,3,0.939
12919,Female,True,no_enrollment,Graduate,Humanities,4,1,0.92
4386,Male,False,Full time course,High School,,3,2,0.624
22462,,True,no_enrollment,Graduate,STEM,9,1,0.624
13988,,True,Part time course,Masters,STEM,16,>4,0.92
21230,,False,no_enrollment,High School,,3,>4,0.92
26180,Male,False,Full time course,Graduate,STEM,1,never,0.487
16658,Male,True,no_enrollment,Graduate,Business Degree,16,1,0.91
10324,Male,True,Part time course,Graduate,STEM,>20,2,0.91
20453,Male,True,no_enrollment,Graduate,STEM,3,never,0.848
13485,Male,True,no_enrollment,Masters,STEM,11,2,0.897
33080,Male,True,no_enrollment,Graduate,STEM,>20,never,0.91
25492,,True,no_enrollment,Graduate,STEM,>20,1,0.92
1319,Male,False,Part time course,Graduate,STEM,<1,>4,0.884
19146,Male,True,no_enrollment,Graduate,STEM,18,1,0.92
29339,Male,True,no_enrollment,Masters,STEM,15,never,0.855
33177,Male,True,no_enrollment,Graduate,STEM,11,1,0.91
22143,,True,no_enrollment,Graduate,STEM,>20,1,0.92
22264,,True,no_enrollment,Graduate,STEM,6,1,0.92
17034,,True,Full time course,Graduate,STEM,5,never,0.92
27002,Male,True,Full time course,Graduate,STEM,7,>4,0.624
21318,Male,True,no_enrollment,Graduate,STEM,9,1,0.92
12308,,False,no_enrollment,Graduate,STEM,10,>4,0.74
842,Male,False,Full time course,Graduate,STEM,7,1,0.624
4926,Male,False,no_enrollment,High School,,1,never,0.92
3,,False,Full time course,High School,,6,never,0.915
19567,Male,True,no_enrollment,Graduate,STEM,12,1,0.624
12809,Male,True,no_enrollment,High School,,3,1,0.913
22682,Male,False,no_enrollment,Masters,STEM,2,1,0.884
1216,Male,True,no_enrollment,Masters,STEM,>20,2,0.878
4417,,False,no_enrollment,,,,,0.92
24162,,True,no_enrollment,Graduate,STEM,<1,1,0.624
16873,,True,no_enrollment,Graduate,STEM,>20,>4,0.92
21920,Female,False,no_enrollment,Phd,STEM,19,1,0.91
24230,,True,Full time course,Masters,No Major,<1,,0.624
5189,,False,no_enrollment,High School,,<1,1,0.91
24396,Male,True,no_enrollment,Graduate,STEM,18,2,0.698
770,Male,True,no_enrollment,Masters,STEM,>20,1,0.754
30913,Male,False,no_enrollment,Graduate,STEM,>20,>4,0.92
14566,Female,True,Part time course,Graduate,STEM,7,1,0.856
15634,Male,True,no_enrollment,Graduate,No Major,11,>4,0.913
18163,,True,no_enrollment,High School,,2,never,0.6659999999999999
16673,,True,no_enrollment,Graduate,STEM,<1,1,0.624
18805,Male,False,no_enrollment,Phd,Humanities,>20,>4,0.91
15367,Male,False,Full time course,Graduate,STEM,<1,1,0.92
22556,Male,True,Full time course,Graduate,STEM,5,1,0.624
27439,Male,True,Part time course,Graduate,STEM,15,1,0.887
18426,Male,True,no_enrollment,Graduate,STEM,10,1,0.624
9789,Male,True,no_enrollment,Graduate,STEM,>20,>4,0.92
28172,,True,no_enrollment,Masters,STEM,>20,>4,0.926
9184,Male,True,Part time course,Masters,STEM,3,1,0.897
3587,Male,True,no_enrollment,Masters,Humanities,7,4,0.91
1167,Male,True,no_enrollment,Graduate,STEM,15,4,0.92
1663,,True,Part time course,Masters,STEM,>20,>4,0.698
20948,,True,no_enrollment,Masters,STEM,5,,0.725
31594,Male,True,no_enrollment,Masters,STEM,>20,>4,0.8270000000000001
27117,Male,False,Full time course,Graduate,STEM,<1,never,0.698
678,Male,True,no_enrollment,Graduate,STEM,>20,1,0.92
1441,Male,False,Full time course,Masters,STEM,16,never,0.92
31272,Male,True,no_enrollment,Graduate,STEM,13,4,0.624
12443,Male,True,no_enrollment,High School,,6,1,0.6890000000000001
32981,Male,True,no_enrollment,Phd,STEM,>20,1,0.903
1317,,True,no_enrollment,Masters,STEM,12,1,0.92
4601,Male,False,no_enrollment,Phd,STEM,>20,2,0.939
30498,,False,no_enrollment,Graduate,STEM,3,never,0.923
7863,,False,no_enrollment,Graduate,STEM,13,3,0.903
8744,Male,False,Full time course,High School,,1,never,0.698
14698,Male,True,no_enrollment,Graduate,STEM,6,1,0.92
10021,Female,True,no_enrollment,Graduate,STEM,5,1,0.91
15253,Male,True,no_enrollment,Phd,STEM,>20,3,0.91
18108,Male,True,no_enrollment,High School,,5,>4,0.926
31410,Male,True,no_enrollment,Graduate,STEM,>20,>4,0.92
30532,Male,True,no_enrollment,Graduate,STEM,16,1,0.92
31733,Male,True,no_enrollment,Masters,STEM,>20,>4,0.92
28833,Male,True,Full time course,Graduate,STEM,2,1,0.624
8708,Male,True,Part time course,Masters,STEM,3,1,0.579
10050,Male,True,no_enrollment,Masters,STEM,10,>4,0.92
21685,,False,no_enrollment,Phd,STEM,15,1,0.926
18529,Male,True,Full time course,Graduate,STEM,6,4,0.74
1850,,False,no_enrollment,Graduate,STEM,1,1,0.92
22639,Male,True,no_enrollment,Graduate,STEM,4,1,0.764
5967,Male,True,no_enrollment,Masters,STEM,9,>4,0.624
20977,Male,True,no_enrollment,High School,,>20,1,0.91
5391,Male,False,Full time course,Graduate,STEM,2,,0.556
4398,Male,True,no_enrollment,Graduate,STEM,7,3,0.556
18383,Male,False,no_enrollment,Masters,STEM,4,1,0.624
17336,Male,False,Full time course,High School,,2,never,0.624
7470,Male,True,Full time course,Graduate,STEM,7,1,0.921
24781,Male,True,no_enrollment,Masters,STEM,>20,2,0.92
24202,Male,True,no_enrollment,Graduate,STEM,7,1,0.698
20650,,True,Part time course,Graduate,STEM,6,3,0.754
5377,Male,False,no_enrollment,High School,,5,never,0.926
31693,Male,True,no_enrollment,Graduate,STEM,>20,>4,0.92
28619,Male,False,no_enrollment,Graduate,No Major,3,never,0.92
15432,,False,no_enrollment,High School,,11,>4,0.926
22999,Female,True,no_enrollment,Graduate,STEM,<1,1,0.624
8377,Male,True,no_enrollment,Graduate,STEM,13,2,0.91
9302,,True,no_enrollment,Graduate,STEM,9,2,0.6890000000000001
16158,Male,True,no_enrollment,Graduate,STEM,7,3,0.92
29575,Male,True,no_enrollment,Graduate,STEM,7,3,0.55
16573,Male,True,,Graduate,No Major,8,2,0.939
30736,Male,False,Full time course,High School,,2,1,0.92
20612,,True,no_enrollment,Graduate,STEM,1,never,0.624
11976,Male,True,no_enrollment,Masters,STEM,14,1,0.897
28302,Male,True,no_enrollment,Graduate,STEM,5,1,0.91
9462,,False,Part time course,,,1,never,0.624
14512,Male,True,Full time course,Graduate,STEM,4,1,0.55
8401,Male,True,no_enrollment,Masters,STEM,6,2,0.897
19780,Female,True,no_enrollment,Masters,,,1,0.794
2594,,False,Full time course,High School,,2,never,0.624
1466,Male,True,no_enrollment,Masters,STEM,>20,>4,0.92
17205,Female,True,no_enrollment,Masters,STEM,>20,never,0.926
12990,Male,True,no_enrollment,Graduate,STEM,16,>4,0.92
4234,Male,True,no_enrollment,Graduate,STEM,19,1,0.92
18171,Male,True,no_enrollment,Graduate,STEM,12,2,0.92
15457,Male,True,no_enrollment,Graduate,STEM,17,>4,0.926
23319,Male,True,Full time course,Graduate,STEM,4,never,0.624
10598,Male,True,no_enrollment,Phd,STEM,14,1,0.897
7788,Male,True,no_enrollment,High School,,10,never,0.624
32021,Male,True,no_enrollment,Masters,Humanities,>20,2,0.92
23969,Male,True,no_enrollment,,,>20,,0.698
13037,,True,no_enrollment,High School,,8,1,0.925
30196,Male,True,no_enrollment,Graduate,Humanities,2,1,0.926
19504,,True,no_enrollment,Graduate,STEM,4,1,0.624
16336,Male,True,no_enrollment,Graduate,STEM,7,>4,0.624
6048,,True,no_enrollment,Graduate,STEM,15,2,0.92
6827,Male,True,no_enrollment,Graduate,STEM,2,never,0.624
9268,Male,True,no_enrollment,,,>20,2,0.92
11169,Female,True,no_enrollment,Graduate,STEM,6,1,0.624
31131,Female,False,Part time course,Graduate,Other,3,1,0.92
12361,,False,Full time course,Graduate,STEM,<1,,0.624
15165,,False,Part time course,Graduate,STEM,>20,,0.92
27773,Male,True,no_enrollment,Masters,STEM,>20,>4,0.926
15266,Male,True,no_enrollment,Graduate,STEM,7,1,0.92
26289,Female,True,no_enrollment,Graduate,Humanities,3,2,0.925
32553,,False,no_enrollment,Masters,STEM,12,never,0.866
33062,Male,True,no_enrollment,Graduate,STEM,9,1,0.949
8818,,True,no_enrollment,Primary School,,7,1,0.92
15380,Male,True,no_enrollment,Graduate,STEM,5,4,0.624
30120,Male,True,no_enrollment,Graduate,STEM,4,never,0.55
24317,Male,True,no_enrollment,Graduate,STEM,9,2,0.624
412,Male,False,no_enrollment,Graduate,STEM,17,2,0.92
30607,Male,True,Full time course,Graduate,STEM,4,2,0.6890000000000001
8513,Male,True,Full time course,Masters,STEM,7,1,0.91
8596,,True,Full time course,High School,,4,2,0.8270000000000001
14539,Male,True,no_enrollment,Graduate,STEM,7,1,0.856
20456,,True,Full time course,Graduate,STEM,6,never,0.624
15221,Male,True,no_enrollment,,,2,never,0.926
28968,Male,True,Part time course,High School,,2,2,0.698
21648,Male,True,no_enrollment,Masters,STEM,20,never,0.913
3210,Male,True,no_enrollment,Graduate,STEM,17,3,0.92
22118,,True,no_enrollment,Graduate,STEM,6,2,0.92
5605,Other,True,no_enrollment,Graduate,STEM,9,3,0.698
30930,Male,True,no_enrollment,Graduate,STEM,>20,never,0.855
28718,Male,True,no_enrollment,Graduate,STEM,>20,1,0.924
8141,,False,no_enrollment,Graduate,STEM,>20,>4,0.92
3486,Male,True,no_enrollment,Phd,STEM,14,>4,0.903
8805,Male,True,no_enrollment,Masters,STEM,>20,2,0.92
6602,,True,Full time course,Graduate,STEM,6,1,0.767
14916,Male,True,no_enrollment,Graduate,STEM,15,1,0.6659999999999999
21636,,False,no_enrollment,Graduate,STEM,>20,>4,0.893
9047,Other,True,no_enrollment,Graduate,STEM,>20,>4,0.92
6694,Female,True,no_enrollment,Graduate,STEM,19,>4,0.91
17793,,True,no_enrollment,Graduate,STEM,6,>4,0.579
32857,Male,True,no_enrollment,High School,,7,1,0.91
26325,Male,False,,,,3,never,0.624
20907,Male,True,no_enrollment,Masters,STEM,5,2,0.92
12617,,True,no_enrollment,High School,,11,2,0.698
24295,Male,True,no_enrollment,Masters,STEM,10,2,0.794
32409,Male,True,no_enrollment,Graduate,STEM,8,1,0.624
16713,Male,True,no_enrollment,Graduate,Arts,13,>4,0.92
4863,Male,False,Full time course,High School,,2,never,0.518
13274,Male,True,no_enrollment,High School,,3,never,0.5579999999999999
12462,Male,True,,Graduate,STEM,<1,1,0.624
8524,,True,no_enrollment,Graduate,STEM,20,1,0.923
21728,Male,True,no_enrollment,Masters,STEM,10,1,0.866
20577,Female,False,Full time course,High School,,2,never,0.624
3407,,True,no_enrollment,Graduate,STEM,6,1,0.527
27184,Male,True,no_enrollment,Masters,STEM,>20,3,0.939
28845,Male,True,no_enrollment,Graduate,STEM,14,1,0.898
2851,Male,True,no_enrollment,Graduate,STEM,6,4,0.804
485,Male,True,no_enrollment,Graduate,STEM,12,1,0.91
7207,Male,True,no_enrollment,Masters,STEM,13,1,0.926
9005,Male,False,no_enrollment,Masters,STEM,6,>4,0.624
4532,Male,True,no_enrollment,High School,,3,1,0.855
23235,Male,True,no_enrollment,Phd,STEM,>20,>4,0.92
5403,Male,False,no_enrollment,High School,,6,never,0.855
8232,Male,True,no_enrollment,Graduate,Arts,17,3,0.92
40,Male,True,no_enrollment,Graduate,STEM,11,never,0.624
8991,Male,False,Full time course,Graduate,STEM,3,1,0.92
28620,Male,True,no_enrollment,Graduate,STEM,5,never,0.92
16355,Female,True,no_enrollment,Masters,STEM,5,1,0.624
18340,Female,True,Full time course,Graduate,STEM,5,1,0.624
5138,Male,False,Full time course,Graduate,STEM,2,never,0.682
12391,,False,Full time course,High School,,3,,0.915
15550,Male,True,Full time course,High School,,3,1,0.91
27155,,False,,Primary School,,>20,never,0.91
19883,Female,True,no_enrollment,Graduate,STEM,3,2,0.899
25140,,True,Part time course,Graduate,STEM,6,2,0.802
27463,,False,no_enrollment,Masters,STEM,>20,2,0.895
23894,,False,Full time course,Graduate,STEM,2,never,0.754
18285,,True,no_enrollment,Masters,STEM,12,3,0.92
25415,Male,True,Part time course,Graduate,STEM,>20,1,0.804
9894,Male,True,no_enrollment,Graduate,Humanities,3,1,0.804
15242,Male,True,no_enrollment,Graduate,STEM,>20,>4,0.92
8485,Male,False,Full time course,Graduate,STEM,8,2,0.7759999999999999
11982,Male,True,no_enrollment,Masters,STEM,16,never,0.897
28370,Male,True,no_enrollment,Graduate,STEM,>20,1,0.92
17047,,False,no_enrollment,,,>20,2,0.92
24941,,False,Full time course,Graduate,STEM,4,1,0.624
28936,Male,True,no_enrollment,Graduate,STEM,12,,0.698
9562,Male,True,no_enrollment,Graduate,STEM,>20,1,0.754
30061,Male,True,no_enrollment,Masters,STEM,3,1,0.91
2718,Male,True,no_enrollment,Graduate,STEM,5,1,0.55
24681,Male,True,no_enrollment,Graduate,STEM,>20,>4,0.92
16210,Male,True,no_enrollment,Masters,STEM,10,1,0.754
1517,Male,False,Full time course,Graduate,STEM,8,1,0.92
29475,Male,False,Full time course,High School,,8,1,0.92
32233,,False,no_enrollment,Graduate,STEM,<1,never,0.55
26601,Male,True,no_enrollment,Graduate,Humanities,>20,1,0.91
22457,,True,,Graduate,STEM,4,1,0.624
30759,Male,False,no_enrollment,Graduate,Other,2,1,0.579
27417,Male,True,no_enrollment,Masters,STEM,>20,>4,0.92
18983,Male,False,Full time course,Graduate,STEM,3,1,0.91
32085,Male,True,no_enrollment,Graduate,STEM,9,2,0.92
13197,Female,True,no_enrollment,Graduate,STEM,>20,1,0.92
14026,,True,no_enrollment,Graduate,STEM,17,>4,0.92
19719,Male,True,no_enrollment,Graduate,STEM,6,2,0.624
30046,Male,True,Full time course,Masters,STEM,5,1,0.926
10446,,False,Full time course,High School,,1,1,0.55
5907,,True,no_enrollment,Graduate,STEM,3,1,0.6890000000000001
1392,,False,no_enrollment,Primary School,,1,never,0.92
10348,Male,False,no_enrollment,Graduate,STEM,18,>4,0.92
7957,,True,no_enrollment,Masters,STEM,15,1,0.698
19058,Male,False,no_enrollment,Masters,STEM,15,1,0.92
19243,,True,no_enrollment,Graduate,STEM,19,1,0.92
7770,,False,Full time course,Graduate,STEM,2,,0.92
15910,Male,True,no_enrollment,Graduate,STEM,15,1,0.925
30486,,False,Full time course,,,4,1,0.698
20333,Female,False,no_enrollment,Graduate,STEM,3,1,0.682
6816,,True,Full time course,Graduate,STEM,3,1,0.624
26209,Male,True,no_enrollment,Graduate,STEM,>20,1,0.91
10803,Male,True,no_enrollment,Phd,STEM,>20,4,0.926
26411,Male,False,no_enrollment,Phd,STEM,2,1,0.903
31555,Male,True,no_enrollment,Graduate,Business Degree,7,2,0.92
15564,Male,False,no_enrollment,Graduate,STEM,14,2,0.804
28764,Male,False,Full time course,High School,,1,never,0.624
14172,Male,True,Full time course,Graduate,Business Degree,>20,3,0.92
3068,Male,False,Full time course,Graduate,STEM,3,1,0.624
27164,Male,True,no_enrollment,Graduate,STEM,>20,1,0.91
20887,Male,True,no_enrollment,Masters,STEM,6,1,0.926
27102,Male,True,no_enrollment,Masters,No Major,8,1,0.897
14534,Male,True,Part time course,High School,,6,1,0.926
9021,,True,no_enrollment,Graduate,STEM,>20,>4,0.92
6527,,False,Full time course,Graduate,Other,13,1,0.738
7615,Male,True,no_enrollment,Graduate,STEM,>20,>4,0.92
11392,Male,True,no_enrollment,Phd,STEM,7,2,0.92
33148,,False,no_enrollment,Masters,STEM,2,2,0.624
20910,Other,False,Full time course,Graduate,STEM,2,1,0.884
20269,Male,True,no_enrollment,Graduate,STEM,12,>4,0.91
23670,,False,Part time course,Graduate,STEM,2,1,0.92
19946,Female,True,no_enrollment,Masters,STEM,>20,>4,0.913
29652,,False,no_enrollment,Graduate,Business Degree,1,1,0.92
23770,Male,True,no_enrollment,Masters,STEM,11,2,0.74
24340,Male,True,no_enrollment,Masters,STEM,9,1,0.897
18737,Male,True,no_enrollment,,,4,1,0.926
24739,Female,True,no_enrollment,Graduate,STEM,10,>4,0.92
31072,Male,True,no_enrollment,Phd,STEM,>20,2,0.738
32629,Male,False,Full time course,Graduate,STEM,2,never,0.897
4184,Female,True,no_enrollment,High School,,4,never,0.926
19028,Male,False,no_enrollment,Masters,STEM,9,>4,0.887
12295,,False,no_enrollment,Primary School,,1,never,0.698
17898,Male,False,no_enrollment,Primary School,,1,never,0.887
25160,,True,Part time course,Masters,STEM,6,1,0.624
13000,Male,True,no_enrollment,Graduate,STEM,>20,>4,0.91
8849,Male,True,no_enrollment,High School,,>20,1,0.899
4773,Male,True,no_enrollment,Graduate,STEM,>20,>4,0.92
23867,Male,False,no_enrollment,Graduate,Humanities,20,4,0.926
25341,,True,Part time course,Graduate,STEM,12,1,0.926
1456,Male,True,no_enrollment,Graduate,STEM,15,4,0.92
22152,,True,Part time course,Masters,STEM,2,1,0.92
6560,Female,True,no_enrollment,Graduate,STEM,16,1,0.899
22829,,False,no_enrollment,Masters,STEM,>20,>4,0.848
4745,Male,True,no_enrollment,Graduate,STEM,5,1,0.92
22814,Male,True,no_enrollment,Graduate,STEM,>20,>4,0.92
23233,Male,False,no_enrollment,High School,,<1,never,0.91
26370,Male,True,Part time course,Graduate,STEM,>20,1,0.754
12695,Male,True,no_enrollment,Masters,STEM,9,1,0.512
11888,Male,False,,Graduate,STEM,>20,1,0.91
319,Male,True,no_enrollment,Graduate,STEM,14,>4,0.92
2510,Female,True,Full time course,Graduate,STEM,1,never,0.624
5298,,True,no_enrollment,Graduate,STEM,10,1,0.924
18400,Male,True,Part time course,Masters,STEM,9,4,0.802
30849,Male,False,no_enrollment,Masters,STEM,3,1,0.624
31123,Male,True,no_enrollment,Graduate,Humanities,13,1,0.91
15829,Male,True,no_enrollment,Graduate,STEM,>20,2,0.92
15578,Male,True,no_enrollment,Graduate,No Major,14,>4,0.897
4037,Male,True,Full time course,Graduate,STEM,>20,>4,0.92
29658,Male,True,no_enrollment,Graduate,STEM,>20,2,0.91
10171,Male,True,no_enrollment,Masters,STEM,>20,>4,0.913
1937,Male,True,no_enrollment,Masters,STEM,>20,4,0.899
7376,Male,True,no_enrollment,Graduate,Other,8,2,0.939
25243,Male,True,no_enrollment,High School,,10,1,0.926
9234,,True,no_enrollment,Graduate,STEM,>20,3,0.913
8471,Male,True,no_enrollment,Graduate,STEM,7,2,0.926
5367,Female,True,no_enrollment,Graduate,STEM,3,2,0.92
5576,Male,True,no_enrollment,Graduate,STEM,5,2,0.939
5488,Male,True,no_enrollment,Graduate,STEM,19,1,0.92
18306,Male,True,no_enrollment,High School,,9,1,0.92
2063,,True,no_enrollment,Graduate,STEM,7,1,0.8959999999999999
14205,Male,True,no_enrollment,Graduate,STEM,7,2,0.92
16490,Male,True,no_enrollment,Graduate,STEM,8,1,0.855
10560,Male,True,no_enrollment,Graduate,STEM,>20,>4,0.893
23064,Male,True,no_enrollment,Graduate,STEM,10,>4,0.92
32545,Male,True,no_enrollment,Masters,STEM,20,1,0.92
29833,Female,False,no_enrollment,Graduate,STEM,2,never,0.789
14200,Male,True,no_enrollment,Primary School,,>20,1,0.92
29830,Male,True,Part time course,Graduate,STEM,6,never,0.624
21423,,True,no_enrollment,Graduate,Other,1,,0.624
13869,Male,False,no_enrollment,Phd,STEM,>20,>4,0.926
28259,Male,True,no_enrollment,Graduate,STEM,13,2,0.926
9618,Female,True,no_enrollment,Graduate,Humanities,>20,>4,0.92
18209,Male,False,Full time course,High School,,<1,never,0.527
27437,Male,True,no_enrollment,Phd,Business Degree,20,1,0.83
17129,Male,False,Full time course,Masters,STEM,14,never,0.92
8349,Male,True,no_enrollment,Masters,STEM,18,4,0.743
6179,Male,True,no_enrollment,Graduate,STEM,10,2,0.91
28842,Male,False,Full time course,Graduate,STEM,7,1,0.897
26563,Male,True,no_enrollment,Graduate,STEM,9,2,0.8270000000000001
19256,Male,False,Full time course,Graduate,STEM,4,1,0.92
25579,Male,True,no_enrollment,Graduate,STEM,7,3,0.92
27521,Male,True,no_enrollment,Graduate,STEM,11,>4,0.92
31378,Male,True,no_enrollment,Masters,Business Degree,>20,>4,0.91
14870,Male,True,no_enrollment,Graduate,STEM,17,1,0.55
11929,Male,True,no_enrollment,Graduate,STEM,>20,2,0.92
14585,,True,no_enrollment,Graduate,STEM,2,never,0.624
32487,Male,True,no_enrollment,Graduate,STEM,11,1,0.624
15593,Male,True,no_enrollment,Graduate,STEM,14,1,0.698
13170,Male,True,no_enrollment,Masters,STEM,16,1,0.92
24544,Male,True,no_enrollment,Masters,STEM,>20,>4,0.926
11613,Male,True,no_enrollment,Masters,Business Degree,3,1,0.624
30221,,False,Part time course,Graduate,STEM,1,1,0.55
28251,Other,True,no_enrollment,Graduate,Humanities,3,1,0.903
4062,Male,True,Full time course,Masters,STEM,10,4,0.893
29018,Male,True,no_enrollment,Graduate,STEM,13,>4,0.804
26433,,True,Part time course,Graduate,STEM,9,1,0.855
5489,Male,True,no_enrollment,Graduate,No Major,15,>4,0.8959999999999999
19459,Male,True,no_enrollment,Graduate,STEM,>20,2,0.92
6017,Male,False,Full time course,Graduate,STEM,5,never,0.743
24261,Male,True,no_enrollment,Graduate,STEM,3,1,0.624
16705,Male,True,no_enrollment,Graduate,STEM,6,2,0.804
16540,Male,True,no_enrollment,Masters,STEM,16,1,0.624
7508,Male,True,no_enrollment,Graduate,STEM,>20,4,0.92
32650,Male,False,no_enrollment,Graduate,Humanities,3,1,0.878
21381,,True,no_enrollment,Masters,STEM,5,2,0.624
9487,Male,False,Full time course,Graduate,STEM,5,never,0.624
9040,Male,False,no_enrollment,Graduate,STEM,3,2,0.802
12854,Male,True,no_enrollment,Graduate,STEM,8,2,0.926
32495,Male,False,no_enrollment,Graduate,Other,>20,1,0.6659999999999999
1622,Other,False,Full time course,Graduate,STEM,9,never,0.6659999999999999
15660,Male,True,Full time course,Graduate,STEM,2,1,0.624
4052,Male,True,no_enrollment,Graduate,STEM,>20,>4,0.92
23279,,True,no_enrollment,Graduate,STEM,8,1,0.762
20286,Female,True,Full time course,Masters,STEM,10,2,0.92
13832,Male,True,Part time course,Graduate,STEM,10,1,0.527
8066,,False,Full time course,High School,,8,3,0.89
31585,Female,True,no_enrollment,Graduate,STEM,>20,1,0.92
1249,Male,True,no_enrollment,Graduate,STEM,10,1,0.843
10843,Female,True,no_enrollment,Graduate,STEM,8,>4,0.91
9706,Male,False,no_enrollment,Masters,STEM,10,>4,0.897
14601,,True,Full time course,Masters,STEM,1,1,0.624
5823,,True,no_enrollment,Masters,STEM,14,2,0.855
1148,Male,True,no_enrollment,Graduate,STEM,11,1,0.92
31284,Male,True,Full time course,Masters,STEM,>20,1,0.91
21383,Male,False,no_enrollment,Masters,STEM,14,2,0.855
32156,Male,False,Full time course,Masters,STEM,14,1,0.91
14110,Male,False,no_enrollment,Graduate,STEM,4,4,0.92
20035,,False,Full time course,Graduate,STEM,<1,2,0.624
20872,Male,False,Full time course,High School,,6,1,0.743
14568,Male,False,no_enrollment,Masters,STEM,2,1,0.624
12115,Male,True,no_enrollment,Phd,STEM,>20,>4,0.926
26440,Male,True,Full time course,High School,,9,2,0.89
28319,Male,True,,Graduate,STEM,13,1,0.926
11654,Female,True,Full time course,Masters,STEM,9,never,0.725
22964,,True,no_enrollment,Masters,STEM,>20,never,0.926
6834,Female,True,no_enrollment,Graduate,STEM,5,1,0.847
15305,Female,False,Part time course,Graduate,STEM,7,1,0.754
14669,Male,True,no_enrollment,Graduate,STEM,3,1,0.624
15978,Male,True,no_enrollment,High School,,>20,>4,0.92
32027,Male,True,no_enrollment,Graduate,STEM,>20,4,0.92
4806,Male,False,no_enrollment,Masters,Humanities,18,>4,0.926
23700,,False,Full time course,Phd,STEM,>20,>4,0.887
5956,Male,False,Full time course,High School,,6,never,0.926
2441,Male,True,no_enrollment,Masters,STEM,>20,>4,0.926
20068,Male,True,Part time course,Graduate,Humanities,>20,>4,0.926
18369,,False,no_enrollment,Masters,STEM,11,2,0.624
28121,Male,True,no_enrollment,Graduate,STEM,5,>4,0.624
15061,Male,True,Full time course,Masters,STEM,<1,4,0.897
7443,Male,True,no_enrollment,Masters,STEM,8,1,0.878
14456,Female,True,Full time course,Graduate,STEM,<1,1,0.624
1864,Male,True,no_enrollment,Graduate,STEM,8,2,0.92
23766,Male,False,no_enrollment,Graduate,STEM,6,1,0.92
13051,Male,True,Full time course,Masters,STEM,16,1,0.897
25644,,True,no_enrollment,Graduate,STEM,>20,3,0.91
16941,Male,True,Part time course,Graduate,Business Degree,5,4,0.92
30388,Male,True,no_enrollment,Graduate,STEM,7,1,0.855
5861,Male,True,no_enrollment,Graduate,STEM,16,>4,0.924
9840,Male,False,Full time course,High School,,8,1,0.926
16203,Male,True,no_enrollment,Graduate,STEM,9,1,0.925
23986,Male,False,no_enrollment,Masters,STEM,<1,1,0.527
6889,Male,True,no_enrollment,Masters,STEM,13,1,0.939
3658,Male,True,no_enrollment,High School,,12,1,0.91
4004,Male,True,no_enrollment,Masters,STEM,1,1,0.92
14620,Male,True,no_enrollment,Masters,STEM,>20,>4,0.91
18979,,True,no_enrollment,Masters,STEM,14,1,0.926
25101,,False,Full time course,Masters,STEM,2,1,0.624
10873,Male,False,Full time course,High School,,3,never,0.926
24570,Male,True,no_enrollment,Graduate,Humanities,>20,>4,0.91
25051,Male,False,Full time course,Graduate,STEM,9,4,0.92
22366,Male,True,Part time course,Masters,STEM,13,1,0.698
11762,Male,False,no_enrollment,Masters,Business Degree,<1,2,0.794
9993,Male,False,no_enrollment,Graduate,STEM,4,2,0.91
31464,Male,False,no_enrollment,Primary School,,3,never,0.847
5040,Female,True,no_enrollment,Graduate,Other,3,2,0.6659999999999999
976,Male,True,no_enrollment,Graduate,STEM,7,2,0.855
30784,Male,True,Full time course,High School,,17,>4,0.926
31557,Male,False,no_enrollment,Graduate,Humanities,1,1,0.887
22982,Male,True,no_enrollment,Masters,STEM,>20,1,0.91
29300,Male,True,no_enrollment,Graduate,STEM,>20,1,0.91
5932,Male,True,no_enrollment,Graduate,STEM,6,1,0.795
31852,Male,True,no_enrollment,Graduate,STEM,4,2,0.754
20833,Male,True,no_enrollment,Graduate,STEM,13,1,0.92
9501,Male,True,no_enrollment,Graduate,STEM,5,1,0.884
9707,Male,False,Full time course,Graduate,STEM,8,2,0.92
20756,Male,True,no_enrollment,Masters,STEM,3,1,0.743
11541,Male,False,no_enrollment,Masters,Humanities,9,1,0.926
28084,Male,True,no_enrollment,Masters,STEM,>20,>4,0.897
9726,Male,True,no_enrollment,Graduate,STEM,16,>4,0.92
31483,,False,no_enrollment,Graduate,STEM,14,,0.895
17440,Male,True,no_enrollment,,,9,1,0.664
30836,Male,False,no_enrollment,Graduate,STEM,6,1,0.698
139,Male,True,no_enrollment,Graduate,STEM,17,1,0.92
2606,Male,False,Full time course,Graduate,STEM,10,never,0.7659999999999999
14158,,True,no_enrollment,Masters,STEM,9,1,0.92
13100,Male,True,no_enrollment,Graduate,STEM,10,2,0.848
30502,Male,True,no_enrollment,Graduate,STEM,9,1,0.92
24245,Male,True,no_enrollment,High School,,>20,1,0.91
28562,Male,True,no_enrollment,Masters,STEM,>20,4,0.8959999999999999
12735,Male,True,no_enrollment,Graduate,STEM,8,2,0.8959999999999999
4114,Female,True,no_enrollment,Graduate,STEM,10,3,0.926
30367,Male,False,no_enrollment,Masters,STEM,16,2,0.804
5412,Male,True,no_enrollment,Graduate,STEM,1,1,0.878
27834,Male,True,no_enrollment,Masters,STEM,7,1,0.8959999999999999
4709,Male,False,no_enrollment,Primary School,,2,never,0.698
23880,,False,no_enrollment,Graduate,Humanities,<1,never,0.8270000000000001
18607,Male,True,no_enrollment,Graduate,STEM,>20,1,0.91
15527,Male,True,Part time course,High School,,6,1,0.939
13748,Male,True,no_enrollment,Graduate,STEM,17,1,0.754
24331,Male,True,Part time course,Graduate,STEM,5,3,0.624
10636,Male,True,no_enrollment,Graduate,No Major,12,>4,0.802
12488,,True,no_enrollment,Graduate,STEM,2,1,0.624
16660,Male,True,no_enrollment,High School,,2,1,0.926
2892,,True,,Masters,STEM,8,,0.8270000000000001
6332,,True,no_enrollment,Masters,STEM,11,1,0.92
6504,Male,True,Full time course,Masters,STEM,12,never,0.624
19043,Male,True,no_enrollment,Graduate,STEM,9,1,0.762
22715,Male,True,no_enrollment,Graduate,STEM,11,>4,0.767
27606,Male,True,no_enrollment,Graduate,STEM,14,2,0.924
33052,Male,True,no_enrollment,Graduate,STEM,15,1,0.915
6793,Male,False,no_enrollment,Masters,STEM,9,1,0.836
16595,Male,True,no_enrollment,Graduate,STEM,10,2,0.624
18261,Male,True,no_enrollment,Masters,STEM,8,never,0.897
27307,Male,True,no_enrollment,Graduate,STEM,9,2,0.926
25699,,False,Full time course,Graduate,STEM,7,never,0.91
11707,Male,True,no_enrollment,Masters,STEM,>20,3,0.92
21613,Female,True,no_enrollment,Graduate,STEM,5,1,0.624
32057,,True,no_enrollment,Masters,STEM,14,1,0.743
115,Male,True,no_enrollment,Graduate,STEM,12,1,0.913
6823,Male,True,no_enrollment,Graduate,STEM,>20,1,0.939
14353,Male,False,Full time course,Primary School,,4,1,0.6890000000000001
26805,,False,Full time course,Graduate,STEM,<1,>4,0.92
15635,Male,False,Full time course,High School,,2,1,0.6890000000000001
26417,Male,True,no_enrollment,Masters,STEM,>20,1,0.91
3848,Male,True,no_enrollment,Graduate,STEM,13,3,0.92
17211,Male,True,Full time course,Graduate,STEM,9,2,0.624
13103,Female,True,no_enrollment,Graduate,STEM,13,3,0.92
5243,,True,no_enrollment,Graduate,STEM,6,>4,0.5579999999999999
2107,Male,True,Part time course,Graduate,Business Degree,14,3,0.767
30974,Male,True,no_enrollment,Graduate,STEM,>20,2,0.924
2998,Male,False,Part time course,Masters,STEM,4,1,0.897
22975,Male,True,no_enrollment,Graduate,STEM,>20,2,0.92
27239,Male,False,,Graduate,STEM,1,1,0.624
18463,Male,False,Full time course,Graduate,STEM,6,never,0.92
21490,,True,no_enrollment,Masters,STEM,4,,0.624
30657,Male,False,no_enrollment,Graduate,STEM,3,2,0.802
32075,Male,True,no_enrollment,Masters,STEM,8,2,0.624
31141,Male,True,no_enrollment,Graduate,STEM,16,1,0.92
2340,Male,True,no_enrollment,Graduate,STEM,7,1,0.91
21188,,False,no_enrollment,Phd,STEM,1,1,0.91
24156,Male,False,Full time course,Graduate,STEM,10,1,0.855
32584,,True,no_enrollment,Masters,STEM,14,4,0.727
6515,,True,no_enrollment,Graduate,STEM,7,1,0.624
14292,,True,no_enrollment,Masters,STEM,16,>4,0.92
16125,,True,no_enrollment,Graduate,Humanities,19,>4,0.92
25802,,True,no_enrollment,Masters,STEM,>20,>4,0.92
19385,Male,True,no_enrollment,Graduate,STEM,11,1,0.624
27304,Male,False,no_enrollment,Masters,STEM,20,>4,0.789
3697,,False,Full time course,Graduate,STEM,15,>4,0.624
11800,Male,True,no_enrollment,Masters,STEM,4,2,0.698
180,Male,False,no_enrollment,Graduate,Humanities,2,2,0.92
7733,,True,Full time course,Graduate,STEM,3,1,0.624
6935,Male,True,Full time course,Masters,STEM,>20,2,0.91
4082,Male,True,no_enrollment,Graduate,STEM,>20,>4,0.92
31959,Male,True,no_enrollment,Graduate,STEM,9,1,0.924
25113,Male,False,Full time course,Graduate,STEM,2,1,0.624
14329,Male,False,Full time course,Masters,STEM,8,4,0.866
15570,Male,True,no_enrollment,Graduate,Humanities,10,2,0.926
32516,Male,True,no_enrollment,Graduate,STEM,5,1,0.624
2535,Male,True,no_enrollment,Masters,STEM,>20,>4,0.698
16014,Male,True,no_enrollment,Masters,STEM,17,1,0.92
24251,Male,False,no_enrollment,High School,,7,>4,0.926
31019,Male,False,Full time course,Graduate,STEM,4,never,0.92
21012,Male,True,no_enrollment,Graduate,STEM,6,2,0.92
22140,,False,no_enrollment,Graduate,STEM,3,2,0.92
21462,Male,False,no_enrollment,Graduate,STEM,10,1,0.624
20786,Male,False,Full time course,Masters,STEM,5,3,0.91
32404,Male,True,no_enrollment,Graduate,STEM,11,4,0.91
16084,,True,Full time course,Graduate,STEM,7,>4,0.55
20103,Male,True,no_enrollment,Masters,STEM,>20,>4,0.92
22525,Male,True,no_enrollment,Graduate,STEM,>20,>4,0.8959999999999999
13230,Female,True,no_enrollment,Graduate,STEM,5,1,0.92
29502,Male,True,no_enrollment,High School,,4,1,0.899
11646,Male,True,no_enrollment,Graduate,STEM,8,1,0.895
6058,Male,True,no_enrollment,Masters,STEM,15,2,0.949
30892,Male,True,no_enrollment,Graduate,STEM,3,1,0.92
31017,Female,False,no_enrollment,Graduate,STEM,4,1,0.6890000000000001
23803,Male,True,Part time course,Graduate,STEM,5,2,0.884
6831,Male,True,no_enrollment,Graduate,STEM,9,>4,0.527
20380,Male,False,Full time course,Masters,STEM,3,1,0.624
15629,Male,True,no_enrollment,Masters,STEM,18,2,0.926
17342,Female,False,Part time course,High School,,16,2,0.926
22359,Male,False,no_enrollment,,,4,never,0.92
27610,Male,True,no_enrollment,Graduate,STEM,9,2,0.848
26769,,False,Full time course,Graduate,STEM,4,never,0.804
3979,,True,no_enrollment,Graduate,STEM,7,1,0.754
25171,,False,Full time course,Graduate,STEM,3,1,0.91
23379,Male,False,Part time course,Graduate,STEM,16,>4,0.855
18138,Male,True,no_enrollment,Graduate,STEM,9,1,0.848
31687,Male,True,no_enrollment,High School,,<1,1,0.878
23739,Male,True,no_enrollment,Masters,STEM,11,2,0.804
8392,Male,False,Full time course,Graduate,STEM,3,1,0.624
6427,Male,True,Part time course,Phd,Arts,>20,>4,0.939
27813,Male,True,no_enrollment,Phd,Humanities,16,>4,0.91
20687,,False,Full time course,High School,,5,,0.924
22527,Male,False,no_enrollment,Graduate,STEM,4,2,0.4479999999999999
33343,Male,True,no_enrollment,Graduate,STEM,<1,1,0.624
818,Female,False,no_enrollment,Graduate,Humanities,>20,4,0.92
31669,Male,False,Full time course,High School,,<1,never,0.624
10952,Male,False,Full time course,Graduate,STEM,8,1,0.91
16331,Male,True,no_enrollment,Graduate,STEM,16,1,0.913
32029,Male,True,no_enrollment,Phd,STEM,20,3,0.92
21152,Male,True,no_enrollment,Graduate,Humanities,3,3,0.92
23488,Male,False,no_enrollment,Graduate,STEM,17,>4,0.91
11945,Male,False,Full time course,High School,,4,never,0.624
1670,Female,False,Full time course,Graduate,STEM,2,1,0.92
16104,,False,no_enrollment,High School,,<1,never,0.92
4158,,False,no_enrollment,High School,,4,2,0.92
29781,Male,True,no_enrollment,Graduate,Business Degree,4,3,0.91
6720,,True,Full time course,,,2,,0.624
14369,,True,Full time course,Masters,STEM,11,1,0.698
20235,Male,True,no_enrollment,High School,,17,1,0.691
3617,,True,no_enrollment,Graduate,STEM,>20,3,0.91
30756,,True,Full time course,Graduate,STEM,11,never,0.624
22625,,True,no_enrollment,Graduate,STEM,5,2,0.624
22057,Male,True,no_enrollment,Graduate,STEM,5,3,0.624
20635,,False,Part time course,Graduate,STEM,1,1,0.624
1588,,False,Full time course,High School,,1,1,0.92
234,Male,True,no_enrollment,Graduate,STEM,11,2,0.92
18752,Male,True,no_enrollment,Masters,STEM,9,1,0.4479999999999999
18128,Male,True,no_enrollment,Masters,STEM,10,1,0.91
18260,Male,True,no_enrollment,Graduate,STEM,10,2,0.843
19332,,True,no_enrollment,Graduate,STEM,16,3,0.92
9564,,True,no_enrollment,Graduate,STEM,9,3,0.92
5685,Male,True,no_enrollment,Masters,STEM,>20,>4,0.926
18063,,True,no_enrollment,Graduate,STEM,3,1,0.794
27124,Male,True,no_enrollment,Graduate,STEM,>20,>4,0.92
3395,Male,False,Full time course,High School,,3,1,0.74
22310,Female,True,no_enrollment,Graduate,STEM,5,1,0.92
15977,Male,False,Full time course,High School,,2,1,0.7759999999999999
4917,Male,True,Part time course,Graduate,STEM,5,>4,0.92
19102,Male,True,Full time course,,,19,2,0.743
23275,,False,Full time course,High School,,5,1,0.92
13157,Male,True,Part time course,Graduate,STEM,11,1,0.92
13269,Male,True,no_enrollment,Graduate,Humanities,7,1,0.92
29977,,True,Full time course,Graduate,STEM,9,1,0.624
20571,Male,True,no_enrollment,Masters,STEM,10,1,0.926
23883,Male,True,Part time course,Masters,STEM,16,>4,0.527
33033,Male,True,no_enrollment,Graduate,Humanities,3,1,0.92
10579,,True,Full time course,Graduate,STEM,5,,0.5579999999999999
5258,,False,Full time course,Graduate,STEM,4,2,0.624
853,,True,no_enrollment,Graduate,STEM,10,2,0.92
27245,Male,True,no_enrollment,Masters,STEM,16,1,0.624
30670,Female,True,no_enrollment,Graduate,STEM,6,1,0.92
22497,Other,True,Part time course,High School,,5,1,0.698
3218,Male,True,no_enrollment,Graduate,STEM,16,1,0.804
464,,False,Full time course,High School,,20,never,0.926
15770,Male,True,no_enrollment,High School,,>20,>4,0.92
18264,Female,True,no_enrollment,Primary School,,>20,>4,0.926
32066,,True,no_enrollment,Graduate,STEM,1,1,0.624
11386,Male,True,no_enrollment,Masters,STEM,10,3,0.92
17502,Male,True,no_enrollment,Graduate,STEM,5,1,0.897
32273,,True,Full time course,Masters,STEM,8,1,0.624
27543,Male,True,no_enrollment,Graduate,STEM,>20,1,0.802
16317,Male,True,Full time course,Graduate,STEM,3,2,0.624
2852,Male,True,no_enrollment,Masters,STEM,16,2,0.855
5056,Male,False,Full time course,Masters,Humanities,>20,2,0.92
17504,Other,False,no_enrollment,Graduate,STEM,<1,never,0.92
24585,,True,no_enrollment,Graduate,STEM,8,1,0.624
11734,,False,,Primary School,,6,never,0.698
16675,Male,True,no_enrollment,Masters,STEM,5,1,0.855
23344,Male,True,no_enrollment,Masters,STEM,9,2,0.55
21786,Male,False,no_enrollment,Masters,STEM,6,>4,0.866
31079,Male,True,no_enrollment,Masters,STEM,2,never,0.624
33251,Male,True,,Masters,STEM,>20,>4,0.926
7805,Male,True,no_enrollment,Graduate,STEM,18,1,0.926
8911,Male,True,no_enrollment,Graduate,STEM,>20,>4,0.92
7315,Male,True,Full time course,Graduate,STEM,11,2,0.698
28132,Male,False,Full time course,Graduate,STEM,6,1,0.83
8367,Male,True,no_enrollment,Graduate,STEM,>20,>4,0.924
27909,Male,False,Full time course,High School,,10,3,0.924
32320,Male,True,no_enrollment,Graduate,STEM,17,1,0.92
15441,Male,True,no_enrollment,Graduate,STEM,18,1,0.926
25999,Male,False,Full time course,Graduate,STEM,4,1,0.802
20169,,False,Full time course,High School,,3,never,0.92
11682,Male,False,Full time course,Masters,STEM,3,1,0.924
26581,Male,True,no_enrollment,Graduate,STEM,5,2,0.847
14832,,True,no_enrollment,Graduate,STEM,8,1,0.55
18023,Male,True,Part time course,Graduate,STEM,4,1,0.698
18963,Male,True,Part time course,High School,,4,1,0.91
9105,Female,True,Part time course,Graduate,Other,4,2,0.738
18344,Male,False,,Graduate,STEM,<1,never,0.624
576,Male,True,no_enrollment,Graduate,STEM,>20,2,0.92
2656,Male,False,Full time course,Masters,STEM,8,1,0.926
16881,Male,True,no_enrollment,Phd,STEM,>20,1,0.92
30245,Male,False,Full time course,High School,,4,never,0.55
9630,Male,True,no_enrollment,Graduate,STEM,>20,>4,0.92
3580,Male,True,no_enrollment,Graduate,STEM,>20,2,0.92
14773,Male,True,no_enrollment,High School,,8,2,0.91
31238,Male,True,no_enrollment,Graduate,STEM,8,1,0.743
1633,,True,no_enrollment,Graduate,STEM,>20,>4,0.925
1995,,False,Full time course,Graduate,STEM,4,,0.897
30587,Male,True,no_enrollment,Graduate,No Major,3,1,0.92
32369,Male,True,no_enrollment,Graduate,STEM,11,1,0.949
3722,Male,False,Part time course,High School,,2,never,0.624
10721,Male,False,no_enrollment,Phd,Humanities,10,>4,0.926
407,Male,True,no_enrollment,Graduate,STEM,10,1,0.92
31098,Male,True,no_enrollment,Graduate,STEM,3,1,0.92
4053,Male,False,no_enrollment,Graduate,STEM,>20,4,0.92
13782,Male,False,Part time course,Graduate,STEM,6,1,0.7759999999999999
20767,,True,no_enrollment,Graduate,STEM,12,1,0.855
20113,,True,no_enrollment,Graduate,STEM,>20,>4,0.754
4674,Female,False,no_enrollment,Graduate,STEM,4,1,0.764
2444,Male,True,no_enrollment,Graduate,STEM,>20,3,0.92
19966,,True,no_enrollment,Masters,STEM,>20,>4,0.913
26367,Male,True,Full time course,Graduate,STEM,4,1,0.762
19508,Male,True,no_enrollment,Masters,STEM,16,>4,0.91
13006,,False,no_enrollment,High School,,4,never,0.698
7563,Male,True,no_enrollment,Graduate,STEM,18,1,0.92
25993,Male,True,no_enrollment,High School,,5,1,0.926
18013,,True,Full time course,Graduate,STEM,6,1,0.91
27699,Male,True,no_enrollment,Graduate,Other,13,>4,0.92
3003,Male,True,no_enrollment,Phd,Humanities,9,1,0.92
6620,Male,True,no_enrollment,Graduate,STEM,11,>4,0.939
4364,Male,True,no_enrollment,Graduate,STEM,9,1,0.92
2296,Male,True,no_enrollment,Masters,STEM,5,1,0.893
17958,,True,no_enrollment,Graduate,STEM,6,2,0.743
9740,Male,False,no_enrollment,Graduate,STEM,>20,>4,0.92
1304,,True,no_enrollment,Graduate,STEM,12,>4,0.836
28735,Male,True,no_enrollment,Graduate,STEM,13,1,0.92
32212,Male,False,Full time course,High School,,4,1,0.91
14053,Male,False,Part time course,Graduate,STEM,7,never,0.754
22641,Male,True,no_enrollment,Graduate,STEM,13,never,0.91
17900,Male,True,no_enrollment,Graduate,STEM,3,1,0.55
31333,Male,True,no_enrollment,Graduate,STEM,>20,>4,0.915
501,Male,True,Full time course,High School,,2,never,0.624
18104,Male,True,no_enrollment,Graduate,STEM,>20,4,0.884
6092,Male,True,no_enrollment,Masters,Business Degree,>20,>4,0.698
17249,Male,True,no_enrollment,Masters,STEM,>20,>4,0.939
1227,Male,False,no_enrollment,Graduate,STEM,10,never,0.738
23515,Male,True,Part time course,Masters,STEM,9,never,0.926
16309,,True,Part time course,Graduate,STEM,<1,1,0.83
5368,Female,True,,Graduate,STEM,7,1,0.5579999999999999
27693,Male,True,no_enrollment,Graduate,STEM,18,>4,0.923
2582,,True,no_enrollment,Graduate,STEM,>20,>4,0.91
12096,,False,Full time course,Masters,STEM,<1,1,0.789
17526,Male,True,no_enrollment,Graduate,Humanities,3,1,0.92
23647,Male,True,no_enrollment,Graduate,STEM,>20,never,0.92
11440,Female,True,no_enrollment,Graduate,STEM,>20,3,0.92
7942,,True,no_enrollment,Graduate,STEM,1,1,0.924
12064,Male,True,Full time course,Graduate,STEM,7,1,0.698
2170,Male,True,no_enrollment,Graduate,STEM,9,4,0.6659999999999999
15663,Male,False,Full time course,Graduate,STEM,7,2,0.738
18378,,True,,Graduate,STEM,6,2,0.624
5943,Male,True,no_enrollment,Phd,STEM,>20,3,0.913
8578,Male,False,Full time course,Graduate,STEM,2,never,0.926
28645,Female,False,Full time course,Masters,STEM,6,4,0.91
5101,Male,True,no_enrollment,Graduate,STEM,>20,>4,0.624
14529,Male,False,no_enrollment,Phd,STEM,>20,1,0.91
26235,Male,True,no_enrollment,Graduate,STEM,>20,>4,0.92
24260,,False,,,,11,never,0.926
17549,Male,True,no_enrollment,Masters,STEM,13,2,0.624
17610,Male,True,no_enrollment,Graduate,No Major,8,3,0.8270000000000001
10246,Male,True,no_enrollment,Masters,STEM,17,1,0.92
8990,,False,Full time course,Masters,STEM,4,1,0.92
20459,,True,no_enrollment,Graduate,STEM,5,1,0.624
22775,,True,no_enrollment,Graduate,STEM,4,1,0.624
11212,Male,True,no_enrollment,Masters,STEM,15,3,0.893
11963,Female,True,no_enrollment,Masters,Humanities,,1,0.913
14516,Male,True,Full time course,Graduate,STEM,4,1,0.55
6464,Male,True,no_enrollment,Graduate,STEM,13,4,0.939
31981,,False,no_enrollment,High School,,3,never,0.92
19350,,True,no_enrollment,Graduate,STEM,14,3,0.92
675,,True,Full time course,Graduate,STEM,>20,>4,0.92
3374,Male,False,no_enrollment,High School,,<1,never,0.624
24495,Male,True,no_enrollment,Masters,STEM,>20,>4,0.926
8484,,True,no_enrollment,Graduate,STEM,>20,>4,0.92
12459,,False,Full time course,Graduate,STEM,4,never,0.624
29414,,True,no_enrollment,Graduate,STEM,5,2,0.92
10548,Male,True,no_enrollment,Graduate,STEM,>20,1,0.91
29383,Male,False,no_enrollment,Graduate,STEM,9,1,0.887
13373,,False,Full time course,Graduate,STEM,<1,never,0.624
21283,Male,True,no_enrollment,Masters,STEM,7,>4,0.895
2280,,True,Full time course,Masters,STEM,3,2,0.624
5624,Male,True,no_enrollment,Graduate,STEM,>20,2,0.698
6778,,True,no_enrollment,Graduate,STEM,7,>4,0.624
2926,Male,False,no_enrollment,Masters,STEM,>20,1,0.926
20431,Male,True,Full time course,Graduate,STEM,16,>4,0.698
29537,Male,True,no_enrollment,Masters,STEM,11,1,0.856
4450,Male,False,Full time course,Graduate,STEM,<1,1,0.55
25833,,False,Full time course,High School,,3,never,0.624
33112,,True,no_enrollment,Masters,STEM,9,1,0.926
547,Male,True,no_enrollment,High School,,12,>4,0.926
9270,Male,True,Part time course,Graduate,STEM,6,4,0.767
15566,Male,True,Part time course,High School,,6,2,0.8270000000000001
30826,Male,True,no_enrollment,Graduate,STEM,13,2,0.92
250,Male,True,no_enrollment,Masters,STEM,8,1,0.754
25714,Male,False,no_enrollment,Masters,STEM,6,2,0.878
28267,Female,True,no_enrollment,Graduate,STEM,<1,1,0.624
4504,Male,True,no_enrollment,Graduate,STEM,5,1,0.579
12581,,True,Full time course,Graduate,STEM,3,never,0.924
15483,Male,False,no_enrollment,Masters,STEM,>20,>4,0.698
2894,Male,True,no_enrollment,Graduate,STEM,5,1,0.913
15726,Male,True,no_enrollment,Graduate,STEM,>20,1,0.913
17117,Male,True,no_enrollment,Graduate,STEM,11,3,0.92
14182,Male,False,Full time course,Graduate,STEM,5,1,0.847
3699,,True,Part time course,Graduate,STEM,5,1,0.91
29624,,False,Full time course,Graduate,STEM,3,3,0.925
16168,Female,True,no_enrollment,Masters,STEM,9,2,0.762
9800,,False,no_enrollment,Masters,STEM,>20,3,0.92
9544,Male,False,no_enrollment,Graduate,STEM,4,never,0.624
1433,Male,True,no_enrollment,Graduate,STEM,5,1,0.92
27458,Male,False,Full time course,Graduate,STEM,8,1,0.762
4804,Male,True,no_enrollment,Masters,STEM,10,1,0.624
24376,,False,no_enrollment,Masters,Business Degree,2,2,0.926
31613,Male,True,no_enrollment,Graduate,STEM,>20,>4,0.92
26895,Male,True,no_enrollment,Graduate,STEM,6,3,0.802
17085,Male,True,no_enrollment,Masters,STEM,>20,>4,0.91
22698,Male,True,Full time course,Graduate,STEM,3,1,0.624
146,Other,True,no_enrollment,Graduate,STEM,9,2,0.92
24022,Male,True,no_enrollment,Graduate,STEM,14,1,0.624
14658,Male,True,no_enrollment,Masters,STEM,17,>4,0.804
21548,Male,True,no_enrollment,Graduate,STEM,>20,1,0.91
9827,Male,False,Full time course,High School,,2,never,0.836
18544,Male,True,Full time course,High School,,6,never,0.624
28874,Male,True,Part time course,Graduate,STEM,3,1,0.92
6361,Male,True,no_enrollment,Graduate,STEM,7,>4,0.92
13089,Male,False,no_enrollment,High School,,5,never,0.91
23426,Male,True,no_enrollment,Masters,STEM,13,1,0.866
22520,Male,True,Part time course,Graduate,STEM,7,4,0.624
9649,Male,True,no_enrollment,Graduate,Business Degree,16,1,0.92
23255,,False,Full time course,Graduate,STEM,5,never,0.887
24081,Male,False,Full time course,Graduate,Arts,2,1,0.6659999999999999
23116,Male,False,no_enrollment,Primary School,,2,never,0.91
27338,Male,False,Full time course,Graduate,STEM,11,1,0.624
14873,,True,no_enrollment,Graduate,STEM,8,>4,0.893
11886,Male,False,no_enrollment,Masters,STEM,14,>4,0.738
9207,Male,True,no_enrollment,High School,,8,never,0.926
3291,Male,True,no_enrollment,Graduate,STEM,>20,>4,0.92
5002,,True,Part time course,Masters,STEM,5,1,0.754
6768,Male,False,Part time course,High School,,2,never,0.624
6281,Male,False,no_enrollment,Masters,STEM,5,1,0.92
11155,Male,False,Full time course,High School,,5,1,0.92
14342,Male,True,no_enrollment,Graduate,STEM,9,2,0.698
10394,Male,True,no_enrollment,Graduate,Other,15,1,0.92
14014,Male,True,no_enrollment,Graduate,STEM,14,1,0.92
28671,Male,True,no_enrollment,Graduate,STEM,4,never,0.92
5109,Male,True,no_enrollment,Graduate,STEM,>20,1,0.92
31775,Male,False,no_enrollment,Graduate,STEM,>20,>4,0.92
17944,Male,True,no_enrollment,Graduate,Business Degree,11,1,0.91
7499,,True,no_enrollment,Graduate,STEM,5,>4,0.939
13124,Male,False,Full time course,Graduate,STEM,6,1,0.855
22808,Male,True,no_enrollment,Graduate,STEM,2,2,0.624
29695,Female,True,no_enrollment,Graduate,Humanities,>20,1,0.92
6167,Male,True,no_enrollment,Graduate,No Major,14,1,0.92
137,Male,True,no_enrollment,Masters,STEM,>20,3,0.92
19494,Male,True,no_enrollment,Graduate,STEM,>20,>4,0.915
33277,,False,no_enrollment,Masters,STEM,<1,1,0.55
3760,Male,True,Full time course,Graduate,STEM,10,>4,0.8270000000000001
6837,Male,False,Full time course,,,6,4,0.698
27220,Male,False,no_enrollment,Graduate,STEM,9,1,0.939
26985,Female,True,no_enrollment,Graduate,STEM,3,1,0.789
23667,Male,True,no_enrollment,High School,,9,never,0.92
7793,Male,False,no_enrollment,Masters,STEM,8,4,0.897
11502,,True,no_enrollment,Graduate,STEM,<1,never,0.624
5882,,True,Full time course,Graduate,STEM,13,>4,0.926
24978,,True,,Graduate,STEM,2,2,0.624
25866,Male,True,no_enrollment,Graduate,STEM,7,>4,0.915
30020,Male,False,Full time course,High School,,2,1,0.92
5380,Male,True,no_enrollment,Graduate,STEM,17,>4,0.92
20045,Male,True,no_enrollment,Graduate,STEM,6,2,0.91
26651,Male,True,no_enrollment,Masters,STEM,>20,>4,0.913
14077,,True,no_enrollment,Graduate,STEM,13,1,0.92
32000,Male,True,no_enrollment,Masters,STEM,>20,2,0.92
26694,,True,Full time course,Graduate,STEM,2,never,0.493
167,Male,True,no_enrollment,Graduate,STEM,13,3,0.92
28381,,True,no_enrollment,Masters,STEM,11,1,0.855
24612,Male,True,no_enrollment,Masters,STEM,>20,2,0.92
17481,Male,False,Full time course,Graduate,STEM,11,>4,0.926
28007,Male,False,Full time course,Graduate,STEM,<1,never,0.762
26178,Female,True,Full time course,Graduate,STEM,5,1,0.624
13467,Male,False,no_enrollment,Graduate,STEM,4,2,0.7759999999999999
5720,Female,True,no_enrollment,Graduate,STEM,3,2,0.624
18565,Male,True,no_enrollment,Graduate,STEM,8,3,0.624
17018,Male,True,Part time course,Graduate,Business Degree,6,>4,0.939
13047,Male,True,no_enrollment,Graduate,STEM,12,4,0.843
20475,Male,False,no_enrollment,Graduate,STEM,8,1,0.624
5150,Male,True,no_enrollment,Phd,STEM,>20,2,0.939
31451,Male,True,no_enrollment,Graduate,STEM,6,1,0.624
14621,Male,True,no_enrollment,Graduate,STEM,11,1,0.884
29123,Male,True,no_enrollment,Graduate,Humanities,6,2,0.92
13949,Male,True,Full time course,Graduate,STEM,3,1,0.579
2269,Male,True,no_enrollment,Graduate,STEM,3,2,0.624
12814,Male,False,no_enrollment,Masters,STEM,>20,2,0.836
5255,,True,Part time course,Graduate,STEM,7,>4,0.624
3880,Male,False,Full time course,High School,,2,1,0.855
25297,Female,True,no_enrollment,Graduate,STEM,7,2,0.92
27008,Male,True,no_enrollment,Graduate,Other,3,never,0.624
1886,Male,True,no_enrollment,Graduate,Humanities,>20,1,0.92
31129,Male,True,no_enrollment,Primary School,,19,>4,0.92
1123,Male,True,no_enrollment,Masters,STEM,16,>4,0.8959999999999999
9149,,True,no_enrollment,Masters,STEM,18,3,0.899
21962,Male,True,no_enrollment,Graduate,STEM,>20,>4,0.91
462,,False,Full time course,Graduate,STEM,5,1,0.55
2677,Male,True,Full time course,Graduate,STEM,5,never,0.624
18648,Male,True,no_enrollment,Masters,STEM,>20,1,0.926
25612,Male,True,no_enrollment,Masters,STEM,>20,1,0.884
2784,,False,no_enrollment,Graduate,Other,3,1,0.884
33064,Male,True,no_enrollment,Masters,STEM,13,4,0.624
3543,Male,True,no_enrollment,Graduate,STEM,>20,>4,0.92
16419,Female,True,no_enrollment,Graduate,Humanities,9,1,0.926
31606,Male,False,no_enrollment,Graduate,Other,14,1,0.92
5800,Male,True,no_enrollment,Graduate,STEM,15,>4,0.91
9032,Male,True,no_enrollment,Masters,STEM,>20,2,0.92
32908,Female,False,Full time course,Graduate,STEM,3,never,0.7659999999999999
31186,Male,True,no_enrollment,Masters,Other,16,2,0.897
18411,Male,True,no_enrollment,Graduate,STEM,2,1,0.55
7636,,True,no_enrollment,Phd,STEM,9,4,0.92
25586,Male,False,no_enrollment,High School,,2,never,0.762
2583,,True,no_enrollment,Masters,STEM,>20,,0.91
560,Male,True,no_enrollment,Graduate,STEM,>20,>4,0.949
5514,Male,True,no_enrollment,Graduate,STEM,10,1,0.92
3624,Male,True,no_enrollment,High School,,18,1,0.897
1274,Male,True,no_enrollment,Graduate,STEM,9,never,0.939
4957,Male,True,no_enrollment,Graduate,STEM,12,3,0.698
7424,,True,no_enrollment,Graduate,Business Degree,>20,2,0.92
12055,Female,True,no_enrollment,Graduate,STEM,6,2,0.6659999999999999
9163,Male,True,no_enrollment,Graduate,Other,4,1,0.624
29171,Male,True,no_enrollment,Masters,STEM,14,1,0.802
16193,,True,no_enrollment,Phd,STEM,>20,>4,0.92
25623,,False,Full time course,Graduate,STEM,4,never,0.698
2575,Male,True,no_enrollment,Graduate,STEM,5,1,0.7659999999999999
21353,,False,no_enrollment,Graduate,STEM,15,>4,0.624
9106,Male,True,no_enrollment,Graduate,STEM,>20,>4,0.924
30470,Male,False,no_enrollment,Masters,Business Degree,3,1,0.924
20437,Male,True,no_enrollment,High School,,9,1,0.926
18316,,False,Part time course,Graduate,STEM,2,2,0.804
11956,Male,True,no_enrollment,Graduate,STEM,2,1,0.802
8713,,True,no_enrollment,Graduate,STEM,17,1,0.897
12951,,True,no_enrollment,Graduate,STEM,5,1,0.884
23795,Male,True,no_enrollment,Graduate,STEM,4,3,0.926
25933,Male,True,no_enrollment,Masters,STEM,6,>4,0.897
14271,,False,Full time course,,,11,>4,0.92
25129,,True,no_enrollment,Graduate,STEM,<1,,0.624
344,Male,True,no_enrollment,Graduate,STEM,9,1,0.92
31672,Male,True,Full time course,,,<1,1,0.479
6400,Male,True,no_enrollment,Phd,STEM,4,1,0.92
30719,,True,no_enrollment,Graduate,STEM,4,1,0.91
26660,,True,no_enrollment,Graduate,No Major,>20,>4,0.92
14428,,False,Full time course,Graduate,STEM,6,,0.624
6225,,True,no_enrollment,Graduate,Humanities,3,1,0.92
7773,,True,Full time course,Graduate,STEM,7,1,0.624
7720,,True,no_enrollment,Graduate,STEM,11,2,0.939
2018,Male,False,no_enrollment,Masters,STEM,5,1,0.804
5485,Male,True,no_enrollment,Masters,STEM,7,1,0.802
23288,Male,True,no_enrollment,Graduate,No Major,19,1,0.762
33010,Male,False,no_enrollment,High School,,10,1,0.92
4819,Male,True,Part time course,Masters,STEM,>20,1,0.884
3127,Male,True,no_enrollment,Graduate,STEM,9,>4,0.92